{
	"data": {
		"albums": [{
			"albumId": 4627127,
			"coverMiddle": "http://fdfs.xmcdn.com/group25/M02/58/4D/wKgJMViVkWuTDTKPAAA5O27u3ts717_mobile_meduim.png",
			"coverSmall": "http://fdfs.xmcdn.com/group25/M02/58/4D/wKgJMViVkWuTDTKPAAA5O27u3ts717_mobile_small.png",
			"isDraft": false,
			"isFinished": 1,
			"isPaid": false,
			"lastUpdateAt": 1534150801000,
			"playsCounts": 112514573,
			"recReason": "根据《蔡康永的201堂情商课》推荐",
			"recSrc": "USH",
			"recTrack": "wotV1.1009",
			"refundSupportType": 0,
			"title": "5分钟心理学",
			"tracks": 723
		}, {
			"albumId": 4903380,
			"coverMiddle": "http://fdfs.xmcdn.com/group19/M01/7F/B3/wKgJJlgCS4ahbzFWAAC1X9qUuQ4632_mobile_meduim.jpg",
			"coverSmall": "http://fdfs.xmcdn.com/group19/M01/7F/B3/wKgJJlgCS4ahbzFWAAC1X9qUuQ4632_mobile_small.jpg",
			"isDraft": false,
			"isFinished": 1,
			"isPaid": false,
			"lastUpdateAt": 1534165206000,
			"playsCounts": 41439533,
			"recReason": "根据《蔡康永的201堂情商课》推荐",
			"recSrc": "USH",
			"recTrack": "wotV1.1009",
			"refundSupportType": 0,
			"title": "行动派精选文章",
			"tracks": 551
		}, {
			"albumId": 11848122,
			"coverMiddle": "http://fdfs.xmcdn.com/group41/M02/09/B6/wKgJ8lqTzluhjBw7AAGHo1SIL8A073_mobile_meduim.jpg",
			"coverSmall": "http://fdfs.xmcdn.com/group41/M02/09/B6/wKgJ8lqTzluhjBw7AAGHo1SIL8A073_mobile_small.jpg",
			"isDraft": false,
			"isFinished": 1,
			"isPaid": false,
			"lastUpdateAt": 1534114803000,
			"playsCounts": 19489926,
			"recReason": "根据《蔡康永的201堂情商课》推荐",
			"recSrc": "USH",
			"recTrack": "wotV1.1009",
			"refundSupportType": 0,
			"title": "每天一个心理知识",
			"tracks": 204
		}, {
			"albumId": 10325371,
			"coverMiddle": "http://fdfs.xmcdn.com/group32/M08/24/16/wKgJS1mthjjD7lFGAAG9mWLj0J4483_mobile_meduim.jpg",
			"coverSmall": "http://fdfs.xmcdn.com/group32/M08/24/16/wKgJS1mthjjD7lFGAAG9mWLj0J4483_mobile_small.jpg",
			"isDraft": false,
			"isFinished": 1,
			"isPaid": false,
			"lastUpdateAt": 1533906002000,
			"playsCounts": 131504978,
			"recReason": "根据《蔡康永的201堂情商课》推荐",
			"recSrc": "USH",
			"recTrack": "wotV1.1009",
			"refundSupportType": 0,
			"title": "涂磊",
			"tracks": 218
		}, {
			"albumId": 4524784,
			"coverMiddle": "http://fdfs.xmcdn.com/group40/M07/12/98/wKgJT1rZu0XAZ9qzAAIYb9u1k9U157_mobile_meduim.jpg",
			"coverSmall": "http://fdfs.xmcdn.com/group40/M07/12/98/wKgJT1rZu0XAZ9qzAAIYb9u1k9U157_mobile_small.jpg",
			"isDraft": false,
			"isFinished": 1,
			"isPaid": false,
			"lastUpdateAt": 1533816000000,
			"playsCounts": 45615568,
			"recReason": "根据《蔡康永的201堂情商课》推荐",
			"recSrc": "USH",
			"recTrack": "wotV1.1009",
			"refundSupportType": 0,
			"title": "所谓情商高，就是会说话",
			"tracks": 108
		}, {
			"albumId": 6419495,
			"coverMiddle": "http://fdfs.xmcdn.com/group21/M02/72/DB/wKgJKFidY1DTnuu1AADW0CPBOe0908_mobile_meduim.jpg",
			"coverSmall": "http://fdfs.xmcdn.com/group21/M02/72/DB/wKgJKFidY1DTnuu1AADW0CPBOe0908_mobile_small.jpg",
			"discountedPrice": "99.00",
			"displayDiscountedPrice": "99.00喜点",
			"displayPrice": "199.00喜点",
			"isDraft": false,
			"isFinished": 2,
			"isPaid": true,
			"lastUpdateAt": 1518153324000,
			"playsCounts": 19778129,
			"price": "199.00",
			"priceTypeEnum": 2,
			"recReason": "根据你的兴趣推荐",
			"recSrc": "TCPP",
			"recTrack": "wotV1.1009",
			"refundSupportType": 0,
			"title": "复旦女神教师陈果的幸福哲学课",
			"tracks": 50
		}, {
			"albumId": 5088879,
			"coverMiddle": "http://fdfs.xmcdn.com/group22/M09/6B/A8/wKgJLliagvPyLrETAACjg6xWPdo046_mobile_meduim.jpg",
			"coverSmall": "http://fdfs.xmcdn.com/group22/M09/6B/A8/wKgJLliagvPyLrETAACjg6xWPdo046_mobile_small.jpg",
			"isDraft": false,
			"isFinished": 1,
			"isPaid": false,
			"lastUpdateAt": 1534171078000,
			"playsCounts": 194834601,
			"recReason": "根据《蔡康永的201堂情商课》推荐",
			"recSrc": "USH",
			"recTrack": "wotV1.1009",
			"refundSupportType": 0,
			"title": "读者",
			"tracks": 1125
		}, {
			"albumId": 7697457,
			"coverMiddle": "http://fdfs.xmcdn.com/group27/M06/C4/87/wKgJR1j0ZjCAaBbmAADh9RgHnKY282_mobile_meduim.jpg",
			"coverSmall": "http://fdfs.xmcdn.com/group27/M06/C4/87/wKgJR1j0ZjCAaBbmAADh9RgHnKY282_mobile_small.jpg",
			"isDraft": false,
			"isFinished": 1,
			"isPaid": false,
			"lastUpdateAt": 1534007866000,
			"playsCounts": 18751107,
			"recReason": "根据《蔡康永的201堂情商课》推荐",
			"recSrc": "USH",
			"recTrack": "wotV1.1009",
			"refundSupportType": 0,
			"title": "剽悍晨读|每天6分钟 共读1本好书",
			"tracks": 492
		}, {
			"albumId": 5764096,
			"coverMiddle": "http://fdfs.xmcdn.com/group23/M07/80/BB/wKgJL1ihAzvwOju-AAItqrx88zY865_mobile_meduim.jpg",
			"coverSmall": "http://fdfs.xmcdn.com/group23/M07/80/BB/wKgJL1ihAzvwOju-AAItqrx88zY865_mobile_small.jpg",
			"isDraft": false,
			"isFinished": 1,
			"isPaid": false,
			"lastUpdateAt": 1533952267000,
			"playsCounts": 1540621,
			"recReason": "根据《蔡康永的201堂情商课》推荐",
			"recSrc": "USH",
			"recTrack": "wotV1.1009",
			"refundSupportType": 0,
			"title": "汪广辉_财务自由之路",
			"tracks": 784
		}, {
			"albumId": 8697460,
			"coverMiddle": "http://fdfs.xmcdn.com/group25/M09/15/8D/wKgJNlpbNimiQ2ZYAAWUuN4XJNs30_mobile_meduim.jpeg",
			"coverSmall": "http://fdfs.xmcdn.com/group25/M09/15/8D/wKgJNlpbNimiQ2ZYAAWUuN4XJNs30_mobile_small.jpeg",
			"discountedPrice": "198.00",
			"displayDiscountedPrice": "198.00喜点",
			"displayPrice": "198.00喜点",
			"isDraft": false,
			"isFinished": 2,
			"isPaid": true,
			"lastUpdateAt": 1528992000000,
			"playsCounts": 14250680,
			"price": "198.00",
			"priceTypeEnum": 2,
			"recReason": "根据你的兴趣推荐",
			"recSrc": "TCPP",
			"recTrack": "wotV1.1009",
			"refundSupportType": 0,
			"title": "好好说话·2018精进技巧",
			"tracks": 268
		}, {
			"albumId": 7120289,
			"coverMiddle": "http://fdfs.xmcdn.com/group26/M08/05/48/wKgJWFjHn33h0mKyAABkacoiRQw229_mobile_meduim.jpg",
			"coverSmall": "http://fdfs.xmcdn.com/group26/M08/05/48/wKgJWFjHn33h0mKyAABkacoiRQw229_mobile_small.jpg",
			"isDraft": false,
			"isFinished": 0,
			"isPaid": false,
			"lastUpdateAt": 1498297994000,
			"playsCounts": 2425233,
			"recReason": "根据《蔡康永的201堂情商课》推荐",
			"recSrc": "USH",
			"recTrack": "wotV1.1009",
			"refundSupportType": 0,
			"title": "《非暴力沟通》",
			"tracks": 93
		}, {
			"albumId": 361926,
			"coverMiddle": "http://fdfs.xmcdn.com/group6/M00/A9/3A/wKgDhFUKomTxRv8zAAOFOa4TF88941_mobile_meduim.png",
			"coverSmall": "http://fdfs.xmcdn.com/group6/M00/A9/3A/wKgDhFUKomTxRv8zAAOFOa4TF88941_mobile_small.png",
			"isDraft": false,
			"isPaid": false,
			"lastUpdateAt": 1427284586000,
			"playsCounts": 181640,
			"recReason": "根据《蔡康永的201堂情商课》推荐",
			"recSrc": "USH",
			"recTrack": "wotV1.1009",
			"title": "跳槽，你准备好了吗？",
			"tracks": 10
		}, {
			"albumId": 8898266,
			"coverMiddle": "http://fdfs.xmcdn.com/group28/M09/DF/91/wKgJSFlObGzjLUz7AANUUD1hVIs793_mobile_meduim.jpg",
			"coverSmall": "http://fdfs.xmcdn.com/group28/M09/DF/91/wKgJSFlObGzjLUz7AANUUD1hVIs793_mobile_small.jpg",
			"isDraft": false,
			"isFinished": 2,
			"isPaid": false,
			"lastUpdateAt": 1512720001000,
			"playsCounts": 227984,
			"recReason": "根据《蔡康永的201堂情商课》推荐",
			"recSrc": "USH",
			"recTrack": "wotV1.1009",
			"refundSupportType": 0,
			"title": "蒙台梭利早教系列儿童教育手册",
			"tracks": 78
		}, {
			"albumId": 5398185,
			"coverMiddle": "http://fdfs.xmcdn.com/group28/M06/D5/2B/wKgJSFlgUQqgIp35AAGxtXPZ5rw757_mobile_meduim.jpg",
			"coverSmall": "http://fdfs.xmcdn.com/group28/M06/D5/2B/wKgJSFlgUQqgIp35AAGxtXPZ5rw757_mobile_small.jpg",
			"discountedPrice": "118.00",
			"displayDiscountedPrice": "118.00喜点",
			"displayPrice": "198.00喜点",
			"isDraft": false,
			"isFinished": 2,
			"isPaid": true,
			"lastUpdateAt": 1496842383000,
			"playsCounts": 14506474,
			"price": "198.00",
			"priceTypeEnum": 2,
			"recReason": "根据你的兴趣推荐",
			"recSrc": "TCPP",
			"recTrack": "wotV1.1009",
			"refundSupportType": 0,
			"title": "声音教练徐洁：如何练就好声音",
			"tracks": 57
		}, {
			"albumId": 8588034,
			"coverMiddle": "http://fdfs.xmcdn.com/group47/M04/83/52/wKgKm1tS9pnSceg8AAwhhUost8s191_mobile_meduim.jpg",
			"coverSmall": "http://fdfs.xmcdn.com/group47/M04/83/52/wKgKm1tS9pnSceg8AAwhhUost8s191_mobile_small.jpg",
			"isDraft": false,
			"isFinished": 1,
			"isPaid": false,
			"lastUpdateAt": 1534111206000,
			"playsCounts": 3532089,
			"recReason": "根据《蔡康永的201堂情商课》推荐",
			"recSrc": "USH",
			"recTrack": "wotV1.1009",
			"refundSupportType": 0,
			"title": "人人都能演讲·黄久凌",
			"tracks": 143
		}, {
			"albumId": 3529796,
			"coverMiddle": "http://fdfs.xmcdn.com/group23/M06/9F/8C/wKgJL1hIwm3TycdUAAKN1-wUQSA823_mobile_meduim.jpg",
			"coverSmall": "http://fdfs.xmcdn.com/group23/M06/9F/8C/wKgJL1hIwm3TycdUAAKN1-wUQSA823_mobile_small.jpg",
			"isDraft": false,
			"isFinished": 0,
			"isPaid": false,
			"lastUpdateAt": 1534046498000,
			"playsCounts": 908866,
			"recReason": "根据《蔡康永的201堂情商课》推荐",
			"recSrc": "USH",
			"recTrack": "wotV1.1009",
			"refundSupportType": 0,
			"title": "【王老师每日临床医话】",
			"tracks": 555
		}, {
			"albumId": 7886250,
			"coverMiddle": "http://fdfs.xmcdn.com/group26/M00/BA/E0/wKgJRlkF8xbCv8o9AADpu1KCzZs053_mobile_meduim.jpg",
			"coverSmall": "http://fdfs.xmcdn.com/group26/M00/BA/E0/wKgJRlkF8xbCv8o9AADpu1KCzZs053_mobile_small.jpg",
			"isDraft": false,
			"isFinished": 0,
			"isPaid": false,
			"lastUpdateAt": 1493852402000,
			"playsCounts": 357255,
			"recReason": "根据《蔡康永的201堂情商课》推荐",
			"recSrc": "USH",
			"recTrack": "wotV1.1009",
			"refundSupportType": 0,
			"title": "思维的改变很关键",
			"tracks": 6
		}, {
			"albumId": 16778404,
			"coverMiddle": "http://fdfs.xmcdn.com/group45/M0B/92/84/wKgKlFtqbU6gycOaAAMNhw19bOA476_mobile_meduim.jpg",
			"coverSmall": "http://fdfs.xmcdn.com/group45/M0B/92/84/wKgKlFtqbU6gycOaAAMNhw19bOA476_mobile_small.jpg",
			"discountedPrice": "19.90",
			"displayDiscountedPrice": "19.90喜点",
			"displayPrice": "19.90喜点",
			"isDraft": false,
			"isFinished": 1,
			"isPaid": true,
			"lastUpdateAt": 1534044066000,
			"playsCounts": 951682,
			"price": "19.90",
			"priceTypeEnum": 2,
			"recReason": "根据你的兴趣推荐",
			"recSrc": "TCPP",
			"recTrack": "wotV1.1009",
			"refundSupportType": 0,
			"title": "李诞池子的幽默工具箱",
			"tracks": 12
		}, {
			"albumId": 2896391,
			"coverMiddle": "http://fdfs.xmcdn.com/group9/M04/63/68/wKgDYlXaqRigpehFAADdZYXN1y4242_mobile_meduim.jpg",
			"coverSmall": "http://fdfs.xmcdn.com/group9/M04/63/68/wKgDYlXaqRigpehFAADdZYXN1y4242_mobile_small.jpg",
			"isDraft": false,
			"isFinished": 0,
			"isPaid": false,
			"lastUpdateAt": 1440394081000,
			"playsCounts": 372743,
			"recReason": "根据《蔡康永的201堂情商课》推荐",
			"recSrc": "USH",
			"recTrack": "wotV1.1009",
			"refundSupportType": 0,
			"title": "【戴尔卡耐基】人性的弱点",
			"tracks": 12
		}, {
			"albumId": 4222313,
			"coverMiddle": "http://fdfs.xmcdn.com/group12/M0A/5C/90/wKgDXFcpdXWRemsfAABGYwhKaUo426_mobile_meduim.jpg",
			"coverSmall": "http://fdfs.xmcdn.com/group12/M0A/5C/90/wKgDXFcpdXWRemsfAABGYwhKaUo426_mobile_small.jpg",
			"isDraft": false,
			"isFinished": 0,
			"isPaid": false,
			"lastUpdateAt": 1519270487000,
			"playsCounts": 504517,
			"recReason": "根据《蔡康永的201堂情商课》推荐",
			"recSrc": "USH",
			"recTrack": "wotV1.1009",
			"refundSupportType": 0,
			"title": "武志红系列",
			"tracks": 22
		}, {
			"albumId": 3385682,
			"coverMiddle": "http://fdfs.xmcdn.com/group42/M03/0B/83/wKgJ81qT3s_jEDePAASebjSzkCw223_mobile_meduim.jpg",
			"coverSmall": "http://fdfs.xmcdn.com/group42/M03/0B/83/wKgJ81qT3s_jEDePAASebjSzkCw223_mobile_small.jpg",
			"isDraft": false,
			"isFinished": 0,
			"isPaid": false,
			"lastUpdateAt": 1533721253000,
			"playsCounts": 554950,
			"recReason": "根据《蔡康永的201堂情商课》推荐",
			"recSrc": "USH",
			"recTrack": "wotV1.1009",
			"refundSupportType": 0,
			"title": "Steve说",
			"tracks": 100
		}, {
			"albumId": 4345263,
			"coverMiddle": "http://fdfs.xmcdn.com/group17/M08/2A/13/wKgJJFeI4V7g5O3IAAFwafbzN7c393_mobile_meduim.jpg",
			"coverSmall": "http://fdfs.xmcdn.com/group17/M08/2A/13/wKgJJFeI4V7g5O3IAAFwafbzN7c393_mobile_small.jpg",
			"discountedPrice": "198.00",
			"displayDiscountedPrice": "198.00喜点",
			"displayPrice": "365.00喜点",
			"isDraft": false,
			"isFinished": 2,
			"isPaid": true,
			"lastUpdateAt": 1497024001000,
			"playsCounts": 66546096,
			"price": "365.00",
			"priceTypeEnum": 2,
			"recReason": "根据你的兴趣推荐",
			"recSrc": "TCPP",
			"recTrack": "wotV1.1009",
			"refundSupportType": 0,
			"title": "马东携奇葩天团亲授“好好说话”",
			"tracks": 277
		}, {
			"albumId": 3709931,
			"coverMiddle": "http://fdfs.xmcdn.com/group9/M01/03/B7/wKgDZlbC4pfC2UY4AAH-5yDb9dQ459_mobile_meduim.jpg",
			"coverSmall": "http://fdfs.xmcdn.com/group9/M01/03/B7/wKgDZlbC4pfC2UY4AAH-5yDb9dQ459_mobile_small.jpg",
			"isDraft": false,
			"isFinished": 0,
			"isPaid": false,
			"lastUpdateAt": 1465699117000,
			"playsCounts": 131323,
			"recReason": "根据《蔡康永的201堂情商课》推荐",
			"recSrc": "USH",
			"recTrack": "wotV1.1009",
			"refundSupportType": 0,
			"title": "危险来了我不怕",
			"tracks": 21
		}, {
			"albumId": 6658556,
			"coverMiddle": "http://fdfs.xmcdn.com/group30/M0A/DD/C0/wKgJXlnJyKPgBamnAAMELrIxrm8329_mobile_meduim.jpg",
			"coverSmall": "http://fdfs.xmcdn.com/group30/M0A/DD/C0/wKgJXlnJyKPgBamnAAMELrIxrm8329_mobile_small.jpg",
			"isDraft": false,
			"isFinished": 0,
			"isPaid": false,
			"lastUpdateAt": 1503047733000,
			"playsCounts": 308309,
			"recReason": "根据《蔡康永的201堂情商课》推荐",
			"recSrc": "USH",
			"recTrack": "wotV1.1009",
			"refundSupportType": 0,
			"title": "保险异议处理",
			"tracks": 60
		}, {
			"albumId": 3582841,
			"coverMiddle": "http://fdfs.xmcdn.com/group13/M00/EE/52/wKgDXVagtM7wnigIAALy4IKpF5g320_mobile_meduim.jpg",
			"coverSmall": "http://fdfs.xmcdn.com/group13/M00/EE/52/wKgDXVagtM7wnigIAALy4IKpF5g320_mobile_small.jpg",
			"isDraft": false,
			"isFinished": 2,
			"isPaid": false,
			"lastUpdateAt": 1454673606000,
			"playsCounts": 241433,
			"recReason": "根据《蔡康永的201堂情商课》推荐",
			"recSrc": "USH",
			"recTrack": "wotV1.1009",
			"refundSupportType": 0,
			"title": "如何做一个合格讲师",
			"tracks": 20
		}, {
			"albumId": 10653646,
			"coverMiddle": "http://fdfs.xmcdn.com/group47/M07/C3/C3/wKgKm1tpWy-CswybAAPe65qvkIM199_mobile_meduim.jpg",
			"coverSmall": "http://fdfs.xmcdn.com/group47/M07/C3/C3/wKgKm1tpWy-CswybAAPe65qvkIM199_mobile_small.jpg",
			"discountedPrice": "199.00",
			"displayDiscountedPrice": "199.00喜点",
			"displayPrice": "199.00喜点",
			"isDraft": false,
			"isFinished": 2,
			"isPaid": true,
			"lastUpdateAt": 1528433936000,
			"playsCounts": 13654747,
			"price": "199.00",
			"priceTypeEnum": 2,
			"recReason": "根据你的兴趣推荐",
			"recSrc": "TCPP",
			"recTrack": "wotV1.1009",
			"refundSupportType": 0,
			"title": "张其成讲《易经》",
			"tracks": 123
		}, {
			"albumId": 16386087,
			"coverMiddle": "http://fdfs.xmcdn.com/group46/M0A/4C/58/wKgKlltFyJXwhdTcAAJ8I4LzKWo921_mobile_meduim.jpg",
			"coverSmall": "http://fdfs.xmcdn.com/group46/M0A/4C/58/wKgKlltFyJXwhdTcAAJ8I4LzKWo921_mobile_small.jpg",
			"isDraft": false,
			"isFinished": 0,
			"isPaid": false,
			"lastUpdateAt": 1534198080000,
			"playsCounts": 109891,
			"recReason": "根据《蔡康永的201堂情商课》推荐",
			"recSrc": "USH",
			"recTrack": "wotV1.1009",
			"refundSupportType": 0,
			"title": "如何治疗“穷根”",
			"tracks": 78
		}, {
			"albumId": 7049793,
			"coverMiddle": "http://fdfs.xmcdn.com/group20/M01/C0/61/wKgJJ1jBZa_w8YTPAAEsi1080c4351_mobile_meduim.jpg",
			"coverSmall": "http://fdfs.xmcdn.com/group20/M01/C0/61/wKgJJ1jBZa_w8YTPAAEsi1080c4351_mobile_small.jpg",
			"isDraft": false,
			"isFinished": 0,
			"isPaid": false,
			"lastUpdateAt": 1501859779000,
			"playsCounts": 274594,
			"recReason": "根据《蔡康永的201堂情商课》推荐",
			"recSrc": "USH",
			"recTrack": "wotV1.1009",
			"refundSupportType": 0,
			"title": "面试技巧-高薪就业系列",
			"tracks": 21
		}],
		"hasMore": true,
		"hasSubscribe": true,
		"totalSize": 50
	},
	"ret": 0
}