{
	"ret": 0,
	"msg": "",
	"slogan": "与好声音不期而遇",
	"lastVisitChannel": {
		"channelProperty": "TOUTIAO",
		"channelId": 443,
		"channelName": "头条快报",
		"positionId": 1,
		"cover": "http://fdfs.xmcdn.com/group43/M03/35/65/wKgKjVsfZhqg6R_IAAEp301veyw380.png",
		"bigCover": "http://fdfs.xmcdn.com/group43/M03/35/65/wKgKjVsfZhagabhLAAJEKXOy9_I338.png",
		"isRec": true,
		"jumpUrl": "iting://open?msg_type=72&tabId=1",
		"playUrl": "http://mobile.ximalaya.com/discovery-firstpage/headline/trackItems/ts-123",
		"slogan": "上海市检察一分院依法对“6·28”浦北路持刀杀人案提起公诉",
		"playParam": {
			"tabid": 1,
			"pageSize": 20,
			"albumId": 12692228,
			"pageId": 1,
			"isWrap": true
		},
		"createdAt": 0,
		"subscribe": true
	},
	"classInfos": [{
		"className": "推荐",
		"classId": 8,
		"channelInfos": [{
			"channelProperty": "TOUTIAO",
			"channelId": 443,
			"channelName": "头条快报",
			"positionId": 1,
			"cover": "http://fdfs.xmcdn.com/group43/M03/35/65/wKgKjVsfZhqg6R_IAAEp301veyw380.png",
			"bigCover": "http://fdfs.xmcdn.com/group43/M03/35/65/wKgKjVsfZhagabhLAAJEKXOy9_I338.png",
			"isRec": true,
			"jumpUrl": "iting://open?msg_type=72&tabId=1",
			"playUrl": "http://mobile.ximalaya.com/discovery-firstpage/headline/trackItems/ts-123",
			"slogan": "上海市检察一分院依法对“6·28”浦北路持刀杀人案提起公诉",
			"playParam": {
				"tabid": 1,
				"pageSize": 20,
				"albumId": 12692228,
				"pageId": 1,
				"isWrap": true
			},
			"createdAt": 0,
			"subscribe": true
		}, {
			"channelProperty": "ONE_KEY",
			"channelId": 405,
			"channelName": "音乐随身听",
			"positionId": 2,
			"cover": "http://fdfs.xmcdn.com/group40/M01/75/96/wKgJVFrEeuTDPi-gAAB_6cdm1_A133.png",
			"bigCover": "http://fdfs.xmcdn.com/group40/M01/75/95/wKgJVFrEet-hN-3FAADSYJWsLKY938.png",
			"isRec": false,
			"jumpUrl": null,
			"playUrl": null,
			"slogan": "有1151个人正在收听",
			"playParam": null,
			"createdAt": 0,
			"subscribe": false
		}, {
			"channelProperty": "ONE_KEY",
			"channelId": 450,
			"channelName": "开车防困电音",
			"positionId": 19,
			"cover": "http://fdfs.xmcdn.com/group47/M02/FF/26/wKgKm1ta5TqTJw6rAAD1Glu8GL0354.png",
			"bigCover": "http://fdfs.xmcdn.com/group47/M02/FF/25/wKgKm1ta5TXgzik0AAGF0VohJ7E526.png",
			"isRec": false,
			"jumpUrl": null,
			"playUrl": null,
			"slogan": "有1457个人正在收听",
			"playParam": null,
			"createdAt": 0,
			"subscribe": false
		}, {
			"channelProperty": "ONE_KEY",
			"channelId": 451,
			"channelName": "小说情景剧",
			"positionId": 20,
			"cover": "http://fdfs.xmcdn.com/group48/M0A/F3/B2/wKgKnFthJmGBD0kqAAQtDxXQjJg140.png",
			"bigCover": "http://fdfs.xmcdn.com/group47/M06/17/E4/wKgKk1thJkSgnnCXAAcN5ujv2oI397.png",
			"isRec": false,
			"jumpUrl": null,
			"playUrl": null,
			"slogan": "有1519个人正在收听",
			"playParam": null,
			"createdAt": 0,
			"subscribe": false
		}, {
			"channelProperty": "DT",
			"channelId": 442,
			"channelName": "每日必听",
			"positionId": 41,
			"cover": "http://fdfs.xmcdn.com/group43/M02/35/62/wKgKjVsfZgPTBgSvAAD0_dy25NM060.png",
			"bigCover": "http://fdfs.xmcdn.com/group43/M02/35/62/wKgKjVsfZf-ydaPMAAHReTuHwTQ752.png",
			"isRec": true,
			"jumpUrl": "iting://open?msg_type=66",
			"playUrl": "http://ifm.ximalaya.com/recsys-stream-query/recsys/daily/rec/load",
			"slogan": "根据你的口味生成，收听越多推荐越准",
			"playParam": null,
			"createdAt": 0,
			"subscribe": true
		}]
	}, {
		"className": "休闲",
		"classId": 4,
		"channelInfos": [{
			"channelProperty": "ONE_KEY",
			"channelId": 446,
			"channelName": "一分钟笑翻你",
			"positionId": 17,
			"cover": "http://fdfs.xmcdn.com/group44/M01/75/E5/wKgKjFsiG3Hhtw_QAAFTl6mvAF0748.png",
			"bigCover": "http://fdfs.xmcdn.com/group44/M01/76/9D/wKgKkVsiG2-S3k-WAAJFC2F3Y6w985.png",
			"isRec": false,
			"jumpUrl": null,
			"playUrl": null,
			"slogan": "有1392个人正在收听",
			"playParam": null,
			"createdAt": 0,
			"subscribe": false
		}, {
			"channelProperty": "ONE_KEY",
			"channelId": 401,
			"channelName": "名家相声",
			"positionId": 18,
			"cover": "http://fdfs.xmcdn.com/group36/M06/90/D1/wKgJUlor5d6S0anVAADj-b9nsHg181.png",
			"bigCover": "http://fdfs.xmcdn.com/group36/M03/3D/AF/wKgJUlouIlrRv8k_AAHJuGrDIgg888.png",
			"isRec": false,
			"jumpUrl": null,
			"playUrl": null,
			"slogan": "有2332个人正在收听",
			"playParam": null,
			"createdAt": 0,
			"subscribe": false
		}, {
			"channelProperty": "TOUTIAO",
			"channelId": 445,
			"channelName": "娱乐圈",
			"positionId": 22,
			"cover": "http://fdfs.xmcdn.com/group44/M04/BB/9E/wKgKkVswrAySKHxuAAmExQ9ezGg758.png",
			"bigCover": "http://fdfs.xmcdn.com/group44/M04/BB/17/wKgKjFswrA_zJSsEAAgeFuQLj-Y222.png",
			"isRec": false,
			"jumpUrl": "iting://open?msg_type=72&tabId=4",
			"playUrl": "http://mobile.ximalaya.com/discovery-firstpage/headline/trackItems/ts-123",
			"slogan": "彭于晏和许晴在一起了？八月的瓜真是假的吃不下去",
			"playParam": {
				"tabid": 4,
				"pageSize": 20,
				"albumId": 5950225,
				"pageId": 1,
				"isWrap": true
			},
			"createdAt": 0,
			"subscribe": false
		}, {
			"channelProperty": "ONE_KEY",
			"channelId": 400,
			"channelName": "搞笑段子",
			"positionId": 23,
			"cover": "http://fdfs.xmcdn.com/group47/M09/34/C6/wKgKm1te35yz_y57AALjxShwSZ4743.png",
			"bigCover": "http://fdfs.xmcdn.com/group47/M09/F8/7B/wKgKk1te35SDTq7jAAUmDqFNWxs946.png",
			"isRec": false,
			"jumpUrl": null,
			"playUrl": null,
			"slogan": "有2284个人正在收听",
			"playParam": null,
			"createdAt": 0,
			"subscribe": false
		}]
	}, {
		"className": "头条",
		"classId": 3,
		"channelInfos": [{
			"channelProperty": "TOUTIAO",
			"channelId": 447,
			"channelName": "财经科技热点",
			"positionId": 43,
			"cover": "http://fdfs.xmcdn.com/group32/M06/86/06/wKgJUFs1oyDAEb16AAC_UjQinz0536.png",
			"bigCover": "http://fdfs.xmcdn.com/group32/M06/86/05/wKgJUFs1ox3jpqIPAAFSmOSwPwo552.png",
			"isRec": false,
			"jumpUrl": "iting://open?msg_type=72&tabId=3",
			"playUrl": "http://mobile.ximalaya.com/discovery-firstpage/headline/trackItems/ts-123",
			"slogan": "谷歌母公司改组三年，还是没能一帆风顺",
			"playParam": {
				"tabid": 3,
				"pageSize": 20,
				"albumId": 11115118,
				"pageId": 1,
				"isWrap": true
			},
			"createdAt": 0,
			"subscribe": false
		}, {
			"channelProperty": "TOUTIAO",
			"channelId": 448,
			"channelName": "体育速递",
			"positionId": 44,
			"cover": "http://fdfs.xmcdn.com/group44/M04/BB/1D/wKgKjFswrC6A39WjAAjPRTDJAdQ227.png",
			"bigCover": "http://fdfs.xmcdn.com/group44/M04/BB/A4/wKgKkVswrCqRXHFTAAeXYLvMh8s802.png",
			"isRec": false,
			"jumpUrl": "iting://open?msg_type=72&tabId=2",
			"playUrl": "http://mobile.ximalaya.com/discovery-firstpage/headline/trackItems/ts-123",
			"slogan": "篮球-骑士队菲律宾国手克拉克森无缘亚运会",
			"playParam": {
				"tabid": 2,
				"pageSize": 20,
				"albumId": 16049864,
				"pageId": 1,
				"isWrap": true
			},
			"createdAt": 0,
			"subscribe": false
		}]
	}, {
		"className": "情感",
		"classId": 7,
		"channelInfos": [{
			"channelProperty": "ONE_KEY",
			"channelId": 449,
			"channelName": "广播夜话",
			"positionId": 33,
			"cover": "http://fdfs.xmcdn.com/group45/M02/EA/5D/wKgKjlta5WHTAi9jAAEnGPtGkTE146.png",
			"bigCover": "http://fdfs.xmcdn.com/group48/M00/24/81/wKgKlVta5V3w-hllAAIFs08V_zU269.png",
			"isRec": false,
			"jumpUrl": null,
			"playUrl": null,
			"slogan": "有3220个人正在收听",
			"playParam": null,
			"createdAt": 0,
			"subscribe": false
		}, {
			"channelProperty": "ONE_KEY",
			"channelId": 402,
			"channelName": "情话电台",
			"positionId": 34,
			"cover": "http://fdfs.xmcdn.com/group36/M09/90/84/wKgJUlor5XTzXNV5AABmZ-jbB38141.png",
			"bigCover": "http://fdfs.xmcdn.com/group34/M03/AA/3F/wKgJYFnnFrPhzqdIAACMp0jpt8Q734.png",
			"isRec": false,
			"jumpUrl": null,
			"playUrl": null,
			"slogan": "有1230个人正在收听",
			"playParam": null,
			"createdAt": 0,
			"subscribe": false
		}]
	}, {
		"className": "音乐",
		"classId": 2,
		"channelInfos": [{
			"channelProperty": "ONE_KEY",
			"channelId": 200,
			"channelName": "晚安音乐",
			"positionId": 14,
			"cover": "http://fdfs.xmcdn.com/group40/M06/75/CC/wKgJT1rEhffifyGEAADjLMh-3tU233.png",
			"bigCover": "http://fdfs.xmcdn.com/group42/M03/AB/92/wKgJ81rEesDyS9eVAAFdZBYlQOs826.png",
			"isRec": false,
			"jumpUrl": null,
			"playUrl": null,
			"slogan": "有1480个人正在收听",
			"playParam": null,
			"createdAt": 0,
			"subscribe": true
		}, {
			"channelProperty": "ONE_KEY",
			"channelId": 201,
			"channelName": "专注与助眠",
			"positionId": 42,
			"cover": "http://fdfs.xmcdn.com/group36/M06/90/CA/wKgJUlor5dXSnmetAADS-iJ4C8I711.png",
			"bigCover": "http://fdfs.xmcdn.com/group33/M08/E4/FA/wKgJTFnB2OjTu4a_AAGLRRz8lqw791.png",
			"isRec": false,
			"jumpUrl": null,
			"playUrl": null,
			"slogan": "有3468个人正在收听",
			"playParam": null,
			"createdAt": 0,
			"subscribe": false
		}]
	}, {
		"className": "故事",
		"classId": 5,
		"channelInfos": [{
			"channelProperty": "ONE_KEY",
			"channelId": 407,
			"channelName": "侃侃历史",
			"positionId": 8,
			"cover": "http://fdfs.xmcdn.com/group36/M02/90/F1/wKgJUlor5geAjJHMAAFUSDu7kdA963.png",
			"bigCover": "http://fdfs.xmcdn.com/group36/M06/90/ED/wKgJUlor5gKSQlZ_AAJXU_BIwn8824.png",
			"isRec": false,
			"jumpUrl": null,
			"playUrl": null,
			"slogan": "有691个人正在收听",
			"playParam": null,
			"createdAt": 0,
			"subscribe": false
		}, {
			"channelProperty": "ONE_KEY",
			"channelId": 425,
			"channelName": "鬼故事",
			"positionId": 21,
			"cover": "http://fdfs.xmcdn.com/group39/M0A/CB/5E/wKgJn1p0Q2Dj3LeAAAJB6TS0Dt8002.png",
			"bigCover": "http://fdfs.xmcdn.com/group38/M0B/CA/F6/wKgJo1p0Q0-zKFbfAAGe530zEig711.png",
			"isRec": false,
			"jumpUrl": null,
			"playUrl": null,
			"slogan": "有1183个人正在收听",
			"playParam": null,
			"createdAt": 0,
			"subscribe": false
		}]
	}, {
		"className": "学习",
		"classId": 9,
		"channelInfos": [{
			"channelProperty": "ONE_KEY",
			"channelId": 453,
			"channelName": "天天练口语",
			"positionId": 45,
			"cover": "http://fdfs.xmcdn.com/group46/M07/52/DB/wKgKlltj7P3CDs3PAADtlzTXzlE521.png",
			"bigCover": "http://fdfs.xmcdn.com/group47/M01/3F/91/wKgKk1tj7PSgE2EFAAGOtE_6Xak770.png",
			"isRec": false,
			"jumpUrl": null,
			"playUrl": null,
			"slogan": "有1674个人正在收听",
			"playParam": null,
			"createdAt": 0,
			"subscribe": false
		}, {
			"channelProperty": "ONE_KEY",
			"channelId": 452,
			"channelName": "知识大杂烩",
			"positionId": 46,
			"cover": "http://fdfs.xmcdn.com/group47/M01/3F/8B/wKgKk1tj7N2D8vDOAAD2eHsqHWw612.png",
			"bigCover": "http://fdfs.xmcdn.com/group47/M01/7B/DC/wKgKm1tj7NiR7N4PAAGSSQy3cb0787.png",
			"isRec": false,
			"jumpUrl": null,
			"playUrl": null,
			"slogan": "有3743个人正在收听",
			"playParam": null,
			"createdAt": 0,
			"subscribe": false
		}]
	}, {
		"className": "亲子",
		"classId": 1,
		"channelInfos": [{
			"channelProperty": "ONE_KEY",
			"channelId": 100,
			"channelName": "儿歌童谣",
			"positionId": 3,
			"cover": "http://fdfs.xmcdn.com/group36/M08/90/57/wKgJUlor5TWwC51eAADOmywILl4649.png",
			"bigCover": "http://fdfs.xmcdn.com/group33/M04/E4/F6/wKgJTFnB2J3D0Z91AAFO8uJEk5g984.png",
			"isRec": false,
			"jumpUrl": null,
			"playUrl": null,
			"slogan": "有2401个人正在收听",
			"playParam": null,
			"createdAt": 0,
			"subscribe": false
		}, {
			"channelProperty": "ONE_KEY",
			"channelId": 101,
			"channelName": "童话故事",
			"positionId": 5,
			"cover": "http://fdfs.xmcdn.com/group36/M09/90/7E/wKgJUlor5WuSdt_fAAEZhhIgNEo220.png",
			"bigCover": "http://fdfs.xmcdn.com/group36/M08/3D/C5/wKgJUlouIqrhTof0AAH1MLwe7Ps989.png",
			"isRec": false,
			"jumpUrl": null,
			"playUrl": null,
			"slogan": "有1945个人正在收听",
			"playParam": null,
			"createdAt": 0,
			"subscribe": false
		}, {
			"channelProperty": "ONE_KEY",
			"channelId": 103,
			"channelName": "国学启蒙",
			"positionId": 6,
			"cover": "http://fdfs.xmcdn.com/group36/M05/90/C0/wKgJUlor5cbQpDD6AAEcEYQmlHo989.png",
			"bigCover": "http://fdfs.xmcdn.com/group34/M09/1F/03/wKgJYVnnFqGS8yfoAAHgJX3308Y332.png",
			"isRec": false,
			"jumpUrl": null,
			"playUrl": null,
			"slogan": "有2333个人正在收听",
			"playParam": null,
			"createdAt": 0,
			"subscribe": false
		}, {
			"channelProperty": "ONE_KEY",
			"channelId": 410,
			"channelName": "哄睡故事",
			"positionId": 7,
			"cover": "http://fdfs.xmcdn.com/group36/M0B/5B/13/wKgJUlozQOShWOGXAAExOywGsJk851.png",
			"bigCover": "http://fdfs.xmcdn.com/group36/M0B/5B/12/wKgJUlozQOHS4p2_AAIOXvy9s6A942.png",
			"isRec": false,
			"jumpUrl": null,
			"playUrl": null,
			"slogan": "有1013个人正在收听",
			"playParam": null,
			"createdAt": 0,
			"subscribe": false
		}]
	}],
	"recSrc": "oneKeyChannel",
	"recTrack": "oneKeyTrack"
}