{
	"msg": "0",
	"ret": 0,
	"data": [{
		"dubbingItem": {
			"commentCount": 0,
			"coverLarge": "http://imagev2.xmcdn.com/group20/M02/14/86/wKgJJ1rr0O2jY7t-AAK5-UYXTUM857.png!op_type=2&rows=840&magick=jpg&strip=1&quality=7&unlimited=1",
			"coverMiddle": "http://imagev2.xmcdn.com/group20/M02/14/86/wKgJJ1rr0O2jY7t-AAK5-UYXTUM857.png!op_type=2&rows=420&magick=jpg&strip=1&quality=7&unlimited=1",
			"coverPath": "http://imagev2.xmcdn.com/group20/M02/14/86/wKgJJ1rr0O2jY7t-AAK5-UYXTUM857.png",
			"coverSmall": "http://imagev2.xmcdn.com/group20/M02/14/86/wKgJJ1rr0O2jY7t-AAK5-UYXTUM857.png!op_type=3&columns=200&rows=200&magick=jpg&strip=1&quality=7&unlimited=1",
			"createAt": 1533606761000,
			"duration": 25,
			"favorites": 0,
			"intro": "《我从未》",
			"logoPic": "",
			"mediaType": "richAudio",
			"nickname": "笙歌漫行",
			"playPathAacv164": "http://audio.xmcdn.com/group48/M0B/5C/F5/wKgKnFto-2mgIZBPAAMlE-4e_EM863.m4a",
			"playPathAacv224": "http://audio.xmcdn.com/group48/M0A/E3/2A/wKgKlVto-2mSxclLAAE3iJFKaKA302.m4a",
			"relatedId": 309,
			"title": "《我从未》",
			"topicId": 0,
			"topicTitle": "",
			"topicUrl": "",
			"trackId": 104076400,
			"uid": 117963761,
			"updatedAt": 1533606976000
		},
		"feedItem": {
			"contentId": 104076400,
			"contentType": "DUB",
			"recReason": "新品",
			"recSrc": "DUBNR",
			"recTrack": "FD.DUBR.1216"
		}
	}, {
		"dubbingItem": {
			"commentCount": 0,
			"coverLarge": "http://imagev2.xmcdn.com/group42/M05/E8/3B/wKgJ9FrUdKSyvWJLAAR22ini-WM174.jpg!op_type=2&rows=840&magick=jpg&strip=1&quality=7&unlimited=1",
			"coverMiddle": "http://imagev2.xmcdn.com/group42/M05/E8/3B/wKgJ9FrUdKSyvWJLAAR22ini-WM174.jpg!op_type=2&rows=420&magick=jpg&strip=1&quality=7&unlimited=1",
			"coverPath": "http://imagev2.xmcdn.com/group42/M05/E8/3B/wKgJ9FrUdKSyvWJLAAR22ini-WM174.jpg",
			"coverSmall": "http://imagev2.xmcdn.com/group42/M05/E8/3B/wKgJ9FrUdKSyvWJLAAR22ini-WM174.jpg!op_type=3&columns=200&rows=200&magick=jpg&strip=1&quality=7&unlimited=1",
			"createAt": 1531751197000,
			"duration": 124,
			"favorites": 2,
			"intro": "经典成语故事《拔苗助长》",
			"logoPic": "http://fdfs.xmcdn.com/group47/M09/FE/D1/wKgKk1tfI6CTXewTAACAKXtYAJg221.jpg",
			"mediaType": "richAudio",
			"nickname": "第N只米虫",
			"playPathAacv164": "http://audio.xmcdn.com/group48/M06/6B/3C/wKgKnFtMqx-zbXAkAA9hKUKLL00183.m4a",
			"playPathAacv224": "http://audio.xmcdn.com/group48/M06/6B/3D/wKgKnFtMqyHy6ZH8AAXkiT7cnag067.m4a",
			"relatedId": 40,
			"title": "经典成语故事《拔苗助长》",
			"topicId": 0,
			"topicTitle": "",
			"topicUrl": "",
			"trackId": 99606900,
			"uid": 92638315,
			"updatedAt": 1531751560000
		},
		"feedItem": {
			"contentId": 99606900,
			"contentType": "DUB",
			"recReason": "",
			"recSrc": "DUBCR,40",
			"recTrack": "FD.DUBR.1216"
		}
	}, {
		"dubbingItem": {
			"commentCount": 2,
			"coverLarge": "http://imagev2.xmcdn.com/group48/M06/C9/45/wKgKlVtLTdKicb5yAADDUl5V4kA134.JPG!op_type=2&rows=840&magick=jpg&strip=1&quality=7&unlimited=1",
			"coverMiddle": "http://imagev2.xmcdn.com/group48/M06/C9/45/wKgKlVtLTdKicb5yAADDUl5V4kA134.JPG!op_type=2&rows=420&magick=jpg&strip=1&quality=7&unlimited=1",
			"coverPath": "http://imagev2.xmcdn.com/group48/M06/C9/45/wKgKlVtLTdKicb5yAADDUl5V4kA134.JPG",
			"coverSmall": "http://imagev2.xmcdn.com/group48/M06/C9/45/wKgKlVtLTdKicb5yAADDUl5V4kA134.JPG!op_type=3&columns=200&rows=200&magick=jpg&strip=1&quality=7&unlimited=1",
			"createAt": 1531661779000,
			"duration": 40,
			"favorites": 13,
			"intro": "日为朝，月为暮，卿为朝朝暮暮。",
			"logoPic": "http://fdfs.xmcdn.com/group47/M0A/26/31/wKgKm1tHWqmT2b2mAACmrTD_Mi4357.jpg",
			"mediaType": "richAudio",
			"nickname": "慈悲罗马仕",
			"playPathAacv164": "http://audio.xmcdn.com/group48/M06/C9/45/wKgKlVtLTdLDqCESAAURrzqjuh0729.m4a",
			"playPathAacv224": "http://audio.xmcdn.com/group48/M06/C9/45/wKgKlVtLTdHSZpc9AAHzVzhJAXc421.m4a",
			"relatedId": 0,
			"title": "分享趣配音",
			"topicId": 212,
			"topicTitle": "#一人一句古风",
			"topicUrl": "http://m.ximalaya.com/mobile-dub-track/dubTrack/query/topicIndex?topicId=212",
			"trackId": 99369648,
			"uid": 121983027,
			"updatedAt": 1531662153000
		},
		"feedItem": {
			"contentId": 99369648,
			"contentType": "DUB",
			"recReason": "",
			"recSrc": "DUBCR,0",
			"recTrack": "FD.DUBR.1216"
		}
	}, {
		"dubbingItem": {
			"commentCount": 0,
			"coverLarge": "http://imagev2.xmcdn.com/group44/M04/A1/AC/wKgKjFsZ_qqAU_YeAAS2ysm3xPg903.png!op_type=2&rows=840&magick=jpg&strip=1&quality=7&unlimited=1",
			"coverMiddle": "http://imagev2.xmcdn.com/group44/M04/A1/AC/wKgKjFsZ_qqAU_YeAAS2ysm3xPg903.png!op_type=2&rows=420&magick=jpg&strip=1&quality=7&unlimited=1",
			"coverPath": "http://imagev2.xmcdn.com/group44/M04/A1/AC/wKgKjFsZ_qqAU_YeAAS2ysm3xPg903.png",
			"coverSmall": "http://imagev2.xmcdn.com/group44/M04/A1/AC/wKgKjFsZ_qqAU_YeAAS2ysm3xPg903.png!op_type=3&columns=200&rows=200&magick=jpg&strip=1&quality=7&unlimited=1",
			"createAt": 1531811008000,
			"duration": 19,
			"favorites": 3,
			"intro": "女王硬是配成路人。",
			"logoPic": "",
			"mediaType": "richAudio",
			"nickname": "风里雨里撑伞等你",
			"playPathAacv164": "http://audio.xmcdn.com/group47/M03/A6/65/wKgKk1tNlMCAZaGxAAJqiUJCAwg372.m4a",
			"playPathAacv224": "http://audio.xmcdn.com/group47/M03/E2/97/wKgKm1tNlL_D6_VSAADwI9EprCI064.m4a",
			"relatedId": 561,
			"title": "崩坏3：为霸气的女王配音吧！",
			"topicId": 0,
			"topicTitle": "",
			"topicUrl": "",
			"trackId": 99710307,
			"uid": 122584905,
			"updatedAt": 1531811117000
		},
		"feedItem": {
			"contentId": 99710307,
			"contentType": "DUB",
			"recReason": "",
			"recSrc": "DUBCR,561",
			"recTrack": "FD.DUBR.1216"
		}
	}, {
		"dubbingItem": {
			"commentCount": 2,
			"coverLarge": "http://imagev2.xmcdn.com/group43/M03/96/67/wKgKjVr-jWHzYYQaAASCKMwx6C4892.png!op_type=2&rows=840&magick=jpg&strip=1&quality=7&unlimited=1",
			"coverMiddle": "http://imagev2.xmcdn.com/group43/M03/96/67/wKgKjVr-jWHzYYQaAASCKMwx6C4892.png!op_type=2&rows=420&magick=jpg&strip=1&quality=7&unlimited=1",
			"coverPath": "http://imagev2.xmcdn.com/group43/M03/96/67/wKgKjVr-jWHzYYQaAASCKMwx6C4892.png",
			"coverSmall": "http://imagev2.xmcdn.com/group43/M03/96/67/wKgKjVr-jWHzYYQaAASCKMwx6C4892.png!op_type=3&columns=200&rows=200&magick=jpg&strip=1&quality=7&unlimited=1",
			"createAt": 1531641443000,
			"duration": 24,
			"favorites": 9,
			"intro": "麻麻，这样拍照不好看，快放我下来",
			"logoPic": "http://fdfs.xmcdn.com/group35/M06/6E/50/wKgJnFsyCnLCovMoAAEuZbrJk8g423.jpg",
			"mediaType": "richAudio",
			"nickname": "昌南磬语",
			"playPathAacv164": "http://audio.xmcdn.com/group48/M01/BC/DE/wKgKlVtK_mTBoQRxAAMBwnR7B54014.m4a",
			"playPathAacv224": "http://audio.xmcdn.com/group48/M04/35/D8/wKgKnFtK_mPxulBfAAEphozzm0k666.m4a",
			"relatedId": 294,
			"title": "麻麻，这样拍照不好看，快放我下来",
			"topicId": 0,
			"topicTitle": "",
			"topicUrl": "",
			"trackId": 99293846,
			"uid": 120029740,
			"updatedAt": 1531641509000
		},
		"feedItem": {
			"contentId": 99293846,
			"contentType": "DUB",
			"recReason": "",
			"recSrc": "DUBCR,294",
			"recTrack": "FD.DUBR.1216"
		}
	}, {
		"dubbingItem": {
			"commentCount": 2,
			"coverLarge": "http://imagev2.xmcdn.com/group44/M01/96/3C/wKgKjFr-l5HgBdtcABWd9zDIs1Y277.png!op_type=2&rows=840&magick=jpg&strip=1&quality=7&unlimited=1",
			"coverMiddle": "http://imagev2.xmcdn.com/group44/M01/96/3C/wKgKjFr-l5HgBdtcABWd9zDIs1Y277.png!op_type=2&rows=420&magick=jpg&strip=1&quality=7&unlimited=1",
			"coverPath": "http://imagev2.xmcdn.com/group44/M01/96/3C/wKgKjFr-l5HgBdtcABWd9zDIs1Y277.png",
			"coverSmall": "http://imagev2.xmcdn.com/group44/M01/96/3C/wKgKjFr-l5HgBdtcABWd9zDIs1Y277.png!op_type=3&columns=200&rows=200&magick=jpg&strip=1&quality=7&unlimited=1",
			"createAt": 1531578031000,
			"duration": 12,
			"favorites": 13,
			"intro": "男人和女人的声音，呵呵呵",
			"logoPic": "http://fdfs.xmcdn.com/group43/M04/0B/1D/wKgKjVsC2i6iRhFJAACgOlyQ-u4332.jpg",
			"mediaType": "richAudio",
			"nickname": "姜鹏_72",
			"playPathAacv164": "http://audio.xmcdn.com/group48/M08/A4/28/wKgKlVtKBq-i-JyWAAGc4lggUCw652.m4a",
			"playPathAacv224": "http://audio.xmcdn.com/group48/M08/A4/28/wKgKlVtKBq-QNHS5AACg89Ou1zI439.m4a",
			"relatedId": 391,
			"title": "玩绝地求生，不靠胸肌靠什么？",
			"topicId": 0,
			"topicTitle": "",
			"topicUrl": "",
			"trackId": 99177682,
			"uid": 115495951,
			"updatedAt": 1531578768000
		},
		"feedItem": {
			"contentId": 99177682,
			"contentType": "DUB",
			"recReason": "",
			"recSrc": "DUBCR,391",
			"recTrack": "FD.DUBR.1216"
		}
	}, {
		"dubbingItem": {
			"commentCount": 2,
			"coverLarge": "http://imagev2.xmcdn.com/group43/M05/01/14/wKgKklrv3MLBLUu2AABLOyyh6I0585.jpg!op_type=2&rows=840&magick=jpg&strip=1&quality=7&unlimited=1",
			"coverMiddle": "http://imagev2.xmcdn.com/group43/M05/01/14/wKgKklrv3MLBLUu2AABLOyyh6I0585.jpg!op_type=2&rows=420&magick=jpg&strip=1&quality=7&unlimited=1",
			"coverPath": "http://imagev2.xmcdn.com/group43/M05/01/14/wKgKklrv3MLBLUu2AABLOyyh6I0585.jpg",
			"coverSmall": "http://imagev2.xmcdn.com/group43/M05/01/14/wKgKklrv3MLBLUu2AABLOyyh6I0585.jpg!op_type=3&columns=200&rows=200&magick=jpg&strip=1&quality=7&unlimited=1",
			"createAt": 1531824048000,
			"duration": 42,
			"favorites": 1,
			"intro": "王者荣耀，说出你的英雄台词！",
			"logoPic": "",
			"mediaType": "richAudio",
			"nickname": "1535815fxfe",
			"playPathAacv164": "http://audio.xmcdn.com/group48/M05/0F/01/wKgKlVtNx7CC-AuuAAU-xe5NSzA356.m4a",
			"playPathAacv224": "http://audio.xmcdn.com/group48/M05/0F/01/wKgKlVtNx7DDHXB1AAIEloBF6gM126.m4a",
			"relatedId": 402,
			"title": "王者荣耀，说出你的英雄台词！",
			"topicId": 0,
			"topicTitle": "",
			"topicUrl": "",
			"trackId": 99748783,
			"uid": 116812968,
			"updatedAt": 1531824328000
		},
		"feedItem": {
			"contentId": 99748783,
			"contentType": "DUB",
			"recReason": "",
			"recSrc": "DUBCR,402",
			"recTrack": "FD.DUBR.1216"
		}
	}, {
		"dubbingItem": {
			"commentCount": 0,
			"coverLarge": "http://imagev2.xmcdn.com/group48/M05/1B/4E/wKgKlVtOAbaTnCoaAAK-Smqevkg475.JPG!op_type=2&rows=840&magick=jpg&strip=1&quality=7&unlimited=1",
			"coverMiddle": "http://imagev2.xmcdn.com/group48/M05/1B/4E/wKgKlVtOAbaTnCoaAAK-Smqevkg475.JPG!op_type=2&rows=420&magick=jpg&strip=1&quality=7&unlimited=1",
			"coverPath": "http://imagev2.xmcdn.com/group48/M05/1B/4E/wKgKlVtOAbaTnCoaAAK-Smqevkg475.JPG",
			"coverSmall": "http://imagev2.xmcdn.com/group48/M05/1B/4E/wKgKlVtOAbaTnCoaAAK-Smqevkg475.JPG!op_type=3&columns=200&rows=200&magick=jpg&strip=1&quality=7&unlimited=1",
			"createAt": 1531838904000,
			"duration": 59,
			"favorites": 5,
			"intro": "唱的人不是我，不是我……不是我……别认错了啊！",
			"logoPic": "",
			"mediaType": "richAudio",
			"nickname": "追风2号290",
			"playPathAacv164": "http://audio.xmcdn.com/group48/M02/94/80/wKgKnFtOAbeTzhJuAAdQject-ik796.m4a",
			"playPathAacv224": "http://audio.xmcdn.com/group48/M05/1B/4F/wKgKlVtOAbfQ40xHAALPgIA9L5I442.m4a",
			"relatedId": 0,
			"title": "分享趣配音",
			"topicId": 334,
			"topicTitle": "#清唱挑战",
			"topicUrl": "http://m.ximalaya.com/mobile-dub-track/dubTrack/query/topicIndex?topicId=334",
			"trackId": 99823918,
			"uid": 122757602,
			"updatedAt": 1531839017000
		},
		"feedItem": {
			"contentId": 99823918,
			"contentType": "DUB",
			"recReason": "",
			"recSrc": "DUBCR,0",
			"recTrack": "FD.DUBR.1216"
		}
	}, {
		"dubbingItem": {
			"commentCount": 4,
			"coverLarge": "http://imagev2.xmcdn.com/group44/M06/F0/70/wKgKkVsCH8WjMSXEAACf7Aqq2ko758.jpg!op_type=2&rows=840&magick=jpg&strip=1&quality=7&unlimited=1",
			"coverMiddle": "http://imagev2.xmcdn.com/group44/M06/F0/70/wKgKkVsCH8WjMSXEAACf7Aqq2ko758.jpg!op_type=2&rows=420&magick=jpg&strip=1&quality=7&unlimited=1",
			"coverPath": "http://imagev2.xmcdn.com/group44/M06/F0/70/wKgKkVsCH8WjMSXEAACf7Aqq2ko758.jpg",
			"coverSmall": "http://imagev2.xmcdn.com/group44/M06/F0/70/wKgKkVsCH8WjMSXEAACf7Aqq2ko758.jpg!op_type=3&columns=200&rows=200&magick=jpg&strip=1&quality=7&unlimited=1",
			"createAt": 1531686395000,
			"duration": 79,
			"favorites": 16,
			"intro": "陈飞扬电影配音|《潘神的迷宫》预告片",
			"logoPic": "http://fdfs.xmcdn.com/group46/M0B/21/33/wKgKlltEUQrwC7LOAACT8sfCn0o994.jpg",
			"mediaType": "richAudio",
			"nickname": "黑胶留声机",
			"playPathAacv164": "http://audio.xmcdn.com/group47/M0B/70/00/wKgKk1tLrfyhHdIQAAnLOUa_VgE697.m4a",
			"playPathAacv224": "http://audio.xmcdn.com/group47/M0B/70/00/wKgKk1tLrfzjm9FnAAPBxIwC2YY018.m4a",
			"relatedId": 466,
			"title": "陈飞扬电影配音|《潘神的迷宫》预告片",
			"topicId": 0,
			"topicTitle": "",
			"topicUrl": "",
			"trackId": 99410554,
			"uid": 79839307,
			"updatedAt": 1531686430000
		},
		"feedItem": {
			"contentId": 99410554,
			"contentType": "DUB",
			"recReason": "",
			"recSrc": "DUBCR,466",
			"recTrack": "FD.DUBR.1216"
		}
	}]
}