{
	"data": {
		"eventInfos": [{
			"authorInfo": {
				"anchorGrade": 9,
				"avatarUrl": "http://fdfs.xmcdn.com/group37/M07/A2/58/wKgJoFpNnQHRXc7aAAANp1i8KKY422_mobile_small.jpg",
				"isV": true,
				"isVip": false,
				"nickname": "喜马拉雅好声音",
				"uid": 1012757,
				"userGrade": -1,
				"verifyType": 1
			},
			"contentInfo": {
				"picInfos": [{
					"id": 123344106,
					"originUrl": "http://fdfs.xmcdn.com/group46/M00/28/AF/wKgKj1thBbGiNXJ-AAD4T9UFPNo301.jpg",
					"rectangleUrl": "http://fdfs.xmcdn.com/group46/M00/28/AF/wKgKj1thBbGiNXJ-AAD4T9UFPNo301.jpg",
					"squareUrl": "http://fdfs.xmcdn.com/group46/M00/28/AF/wKgKj1thBbGiNXJ-AAD4T9UFPNo301_mobile_small.jpg"
				}, {
					"id": 123344108,
					"originUrl": "http://fdfs.xmcdn.com/group46/M00/28/F5/wKgKllthBbLAH4EIAAFPH93hCRQ531.jpg",
					"rectangleUrl": "http://fdfs.xmcdn.com/group46/M00/28/F5/wKgKllthBbLAH4EIAAFPH93hCRQ531.jpg",
					"squareUrl": "http://fdfs.xmcdn.com/group46/M00/28/F5/wKgKllthBbLAH4EIAAFPH93hCRQ531_mobile_small.jpg"
				}, {
					"id": 123344107,
					"originUrl": "http://fdfs.xmcdn.com/group46/M00/28/AF/wKgKj1thBbLAVg2vAAGmh6WESUE227.jpg",
					"rectangleUrl": "http://fdfs.xmcdn.com/group46/M00/28/AF/wKgKj1thBbLAVg2vAAGmh6WESUE227.jpg",
					"squareUrl": "http://fdfs.xmcdn.com/group46/M00/28/AF/wKgKj1thBbLAVg2vAAGmh6WESUE227_mobile_small.jpg"
				}],
				"text": "#喜马早安# 八月的第一天，早安呀小宝贝们~洗马君掐指一算，看到这一条的人整个八月都会很顺利哦[并不简单]快@ 给你在意的人吧~[doge]"
			},
			"eventTime": 1533085107000,
			"id": 17724582,
			"isFromRepost": false,
			"isPraise": false,
			"statInfo": {
				"commentCount": 429,
				"praiseCount": 4412,
				"repostCount": 0
			},
			"timeline": 1.533085107E12,
			"type": 4
		}, {
			"authorInfo": {
				"anchorGrade": 9,
				"avatarUrl": "http://fdfs.xmcdn.com/group37/M07/A2/58/wKgJoFpNnQHRXc7aAAANp1i8KKY422_mobile_small.jpg",
				"isV": true,
				"isVip": false,
				"nickname": "喜马拉雅好声音",
				"uid": 1012757,
				"userGrade": -1,
				"verifyType": 1
			},
			"contentInfo": {
				"picInfos": [{
					"id": 121872388,
					"originUrl": "http://fdfs.xmcdn.com/group48/M01/87/12/wKgKnFtZQbTjnbzZAABTngRYqG0212.jpg",
					"rectangleUrl": "http://fdfs.xmcdn.com/group48/M01/87/12/wKgKnFtZQbTjnbzZAABTngRYqG0212.jpg",
					"squareUrl": "http://fdfs.xmcdn.com/group48/M01/87/12/wKgKnFtZQbTjnbzZAABTngRYqG0212_mobile_small.jpg"
				}],
				"text": "今天中午吃什么？[打哈气][打哈气][打哈气]"
			},
			"eventTime": 1532576181000,
			"id": 17356402,
			"isFromRepost": false,
			"isPraise": false,
			"statInfo": {
				"commentCount": 934,
				"praiseCount": 5376,
				"repostCount": 0
			},
			"timeline": 1.532576181E12,
			"type": 4
		}, {
			"authorInfo": {
				"anchorGrade": 9,
				"avatarUrl": "http://fdfs.xmcdn.com/group37/M07/A2/58/wKgJoFpNnQHRXc7aAAANp1i8KKY422_mobile_small.jpg",
				"isV": true,
				"isVip": false,
				"nickname": "喜马拉雅好声音",
				"uid": 1012757,
				"userGrade": -1,
				"verifyType": 1
			},
			"contentInfo": {
				"picInfos": [{
					"id": 121607622,
					"originUrl": "http://fdfs.xmcdn.com/group47/M04/D3/D7/wKgKm1tX6PGRBqJYAAHwYkV3TM0761.jpg",
					"rectangleUrl": "http://fdfs.xmcdn.com/group47/M04/D3/D7/wKgKm1tX6PGRBqJYAAHwYkV3TM0761.jpg",
					"squareUrl": "http://fdfs.xmcdn.com/group47/M04/D3/D7/wKgKm1tX6PGRBqJYAAHwYkV3TM0761_mobile_small.jpg"
				}],
				"text": "在吗？"
			},
			"eventTime": 1532487922000,
			"id": 17296900,
			"isFromRepost": false,
			"isPraise": false,
			"statInfo": {
				"commentCount": 1050,
				"praiseCount": 7023,
				"repostCount": 0
			},
			"timeline": 1.532487922E12,
			"type": 4
		}, {
			"authorInfo": {
				"anchorGrade": 9,
				"avatarUrl": "http://fdfs.xmcdn.com/group37/M07/A2/58/wKgJoFpNnQHRXc7aAAANp1i8KKY422_mobile_small.jpg",
				"isV": true,
				"isVip": false,
				"nickname": "喜马拉雅好声音",
				"uid": 1012757,
				"userGrade": -1,
				"verifyType": 1
			},
			"contentInfo": {
				"picInfos": [{
					"id": 121583165,
					"originUrl": "http://fdfs.xmcdn.com/group48/M02/F7/A4/wKgKlVtXzHzD5rLDAAK4JoRkdLY182.jpg",
					"rectangleUrl": "http://fdfs.xmcdn.com/group48/M02/F7/A4/wKgKlVtXzHzD5rLDAAK4JoRkdLY182.jpg",
					"squareUrl": "http://fdfs.xmcdn.com/group48/M02/F7/A4/wKgKlVtXzHzD5rLDAAK4JoRkdLY182_mobile_small.jpg"
				}, {
					"id": 121583166,
					"originUrl": "http://fdfs.xmcdn.com/group48/M02/71/23/wKgKnFtXzH2zNjFYAARRAWIrtRw189.png",
					"rectangleUrl": "http://fdfs.xmcdn.com/group48/M02/71/23/wKgKnFtXzH2zNjFYAARRAWIrtRw189.png",
					"squareUrl": "http://fdfs.xmcdn.com/group48/M02/71/23/wKgKnFtXzH2zNjFYAARRAWIrtRw189_mobile_small.png"
				}],
				"text": "今天的你，来圈子报到了吗？"
			},
			"eventTime": 1532480638000,
			"id": 17289699,
			"isFromRepost": false,
			"isPraise": false,
			"statInfo": {
				"commentCount": 178,
				"praiseCount": 1714,
				"repostCount": 0
			},
			"timeline": 1.532480638E12,
			"type": 4
		}, {
			"authorInfo": {
				"anchorGrade": 9,
				"avatarUrl": "http://fdfs.xmcdn.com/group37/M07/A2/58/wKgJoFpNnQHRXc7aAAANp1i8KKY422_mobile_small.jpg",
				"isV": true,
				"isVip": false,
				"nickname": "喜马拉雅好声音",
				"uid": 1012757,
				"userGrade": -1,
				"verifyType": 1
			},
			"contentInfo": {
				"picInfos": [{
					"id": 120811405,
					"originUrl": "http://fdfs.xmcdn.com/group48/M07/C2/BA/wKgKlVtUJPKyj1CBAABSHohOGAI129.jpg",
					"rectangleUrl": "http://fdfs.xmcdn.com/group48/M07/C2/BA/wKgKlVtUJPKyj1CBAABSHohOGAI129.jpg",
					"squareUrl": "http://fdfs.xmcdn.com/group48/M07/C2/BA/wKgKlVtUJPKyj1CBAABSHohOGAI129_mobile_small.jpg"
				}, {
					"id": 120811406,
					"originUrl": "http://fdfs.xmcdn.com/group48/M09/3C/18/wKgKnFtUJPKBMvLeAAArG_6Zp8I456.jpg",
					"rectangleUrl": "http://fdfs.xmcdn.com/group48/M09/3C/18/wKgKnFtUJPKBMvLeAAArG_6Zp8I456.jpg",
					"squareUrl": "http://fdfs.xmcdn.com/group48/M09/3C/18/wKgKnFtUJPKBMvLeAAArG_6Zp8I456_mobile_small.jpg"
				}],
				"text": "哈？？？"
			},
			"eventTime": 1532241139000,
			"id": 17130706,
			"isFromRepost": false,
			"isPraise": false,
			"statInfo": {
				"commentCount": 418,
				"praiseCount": 4391,
				"repostCount": 0
			},
			"timeline": 1.532241139E12,
			"type": 4
		}, {
			"authorInfo": {
				"anchorGrade": 9,
				"avatarUrl": "http://fdfs.xmcdn.com/group37/M07/A2/58/wKgJoFpNnQHRXc7aAAANp1i8KKY422_mobile_small.jpg",
				"isV": true,
				"isVip": false,
				"nickname": "喜马拉雅好声音",
				"uid": 1012757,
				"userGrade": -1,
				"verifyType": 1
			},
			"contentInfo": {
				"picInfos": [{
					"id": 119967465,
					"originUrl": "http://fdfs.xmcdn.com/group47/M09/F1/22/wKgKk1tQBhDTrN49AACYfAa1xUQ228.jpg",
					"rectangleUrl": "http://fdfs.xmcdn.com/group47/M09/F1/22/wKgKk1tQBhDTrN49AACYfAa1xUQ228.jpg",
					"squareUrl": "http://fdfs.xmcdn.com/group47/M09/F1/22/wKgKk1tQBhDTrN49AACYfAa1xUQ228_mobile_small.jpg"
				}, {
					"id": 119967467,
					"originUrl": "http://fdfs.xmcdn.com/group47/M09/F1/22/wKgKk1tQBhDh72DnAACHTJuyGxI136.jpg",
					"rectangleUrl": "http://fdfs.xmcdn.com/group47/M09/F1/22/wKgKk1tQBhDh72DnAACHTJuyGxI136.jpg",
					"squareUrl": "http://fdfs.xmcdn.com/group47/M09/F1/22/wKgKk1tQBhDh72DnAACHTJuyGxI136_mobile_small.jpg"
				}, {
					"id": 119967470,
					"originUrl": "http://fdfs.xmcdn.com/group47/M09/2D/75/wKgKm1tQBhGxRD7uAACS3tGvE2Q102.jpg",
					"rectangleUrl": "http://fdfs.xmcdn.com/group47/M09/2D/75/wKgKm1tQBhGxRD7uAACS3tGvE2Q102.jpg",
					"squareUrl": "http://fdfs.xmcdn.com/group47/M09/2D/75/wKgKm1tQBhGxRD7uAACS3tGvE2Q102_mobile_small.jpg"
				}, {
					"id": 119967471,
					"originUrl": "http://fdfs.xmcdn.com/group47/M09/F1/22/wKgKk1tQBhGBPSWOAACeSUCcHZo797.jpg",
					"rectangleUrl": "http://fdfs.xmcdn.com/group47/M09/F1/22/wKgKk1tQBhGBPSWOAACeSUCcHZo797.jpg",
					"squareUrl": "http://fdfs.xmcdn.com/group47/M09/F1/22/wKgKk1tQBhGBPSWOAACeSUCcHZo797_mobile_small.jpg"
				}, {
					"id": 119967474,
					"originUrl": "http://fdfs.xmcdn.com/group47/M09/F1/22/wKgKk1tQBhGzclB_AACTjQt9zLA215.jpg",
					"rectangleUrl": "http://fdfs.xmcdn.com/group47/M09/F1/22/wKgKk1tQBhGzclB_AACTjQt9zLA215.jpg",
					"squareUrl": "http://fdfs.xmcdn.com/group47/M09/F1/22/wKgKk1tQBhGzclB_AACTjQt9zLA215_mobile_small.jpg"
				}, {
					"id": 119967475,
					"originUrl": "http://fdfs.xmcdn.com/group47/M09/2D/76/wKgKm1tQBhHD6gPrAAC_PcO3mq0413.jpg",
					"rectangleUrl": "http://fdfs.xmcdn.com/group47/M09/2D/76/wKgKm1tQBhHD6gPrAAC_PcO3mq0413.jpg",
					"squareUrl": "http://fdfs.xmcdn.com/group47/M09/2D/76/wKgKm1tQBhHD6gPrAAC_PcO3mq0413_mobile_small.jpg"
				}, {
					"id": 119967477,
					"originUrl": "http://fdfs.xmcdn.com/group47/M09/2D/76/wKgKm1tQBhGQO_0bAACmWVQxPRA098.jpg",
					"rectangleUrl": "http://fdfs.xmcdn.com/group47/M09/2D/76/wKgKm1tQBhGQO_0bAACmWVQxPRA098.jpg",
					"squareUrl": "http://fdfs.xmcdn.com/group47/M09/2D/76/wKgKm1tQBhGQO_0bAACmWVQxPRA098_mobile_small.jpg"
				}, {
					"id": 119967479,
					"originUrl": "http://fdfs.xmcdn.com/group47/M09/F1/22/wKgKk1tQBhHh5CZYAACiGU_Y1oM820.jpg",
					"rectangleUrl": "http://fdfs.xmcdn.com/group47/M09/F1/22/wKgKk1tQBhHh5CZYAACiGU_Y1oM820.jpg",
					"squareUrl": "http://fdfs.xmcdn.com/group47/M09/F1/22/wKgKk1tQBhHh5CZYAACiGU_Y1oM820_mobile_small.jpg"
				}, {
					"id": 119967482,
					"originUrl": "http://fdfs.xmcdn.com/group47/M09/F1/23/wKgKk1tQBhKjknNoAADgCILeVUI542.jpg",
					"rectangleUrl": "http://fdfs.xmcdn.com/group47/M09/F1/23/wKgKk1tQBhKjknNoAADgCILeVUI542.jpg",
					"squareUrl": "http://fdfs.xmcdn.com/group47/M09/F1/23/wKgKk1tQBhKjknNoAADgCILeVUI542_mobile_small.jpg"
				}],
				"text": "土味情话了解一下"
			},
			"eventTime": 1531971091000,
			"id": 16960330,
			"isFromRepost": false,
			"isPraise": false,
			"statInfo": {
				"commentCount": 1282,
				"praiseCount": 13613,
				"repostCount": 0
			},
			"timeline": 1.531971091E12,
			"type": 4
		}, {
			"authorInfo": {
				"anchorGrade": 9,
				"avatarUrl": "http://fdfs.xmcdn.com/group37/M07/A2/58/wKgJoFpNnQHRXc7aAAANp1i8KKY422_mobile_small.jpg",
				"isV": true,
				"isVip": false,
				"nickname": "喜马拉雅好声音",
				"uid": 1012757,
				"userGrade": -1,
				"verifyType": 1
			},
			"contentInfo": {
				"picInfos": [{
					"id": 119883556,
					"originUrl": "http://fdfs.xmcdn.com/group48/M04/46/C5/wKgKlVtPbpDSDpG0AAGLjwAWI1o987.jpg",
					"rectangleUrl": "http://fdfs.xmcdn.com/group48/M04/46/C5/wKgKlVtPbpDSDpG0AAGLjwAWI1o987.jpg",
					"squareUrl": "http://fdfs.xmcdn.com/group48/M04/46/C5/wKgKlVtPbpDSDpG0AAGLjwAWI1o987_mobile_small.jpg"
				}, {
					"id": 119883558,
					"originUrl": "http://fdfs.xmcdn.com/group48/M04/46/C5/wKgKlVtPbpCgXwx1AAFrHYfS-lg189.jpg",
					"rectangleUrl": "http://fdfs.xmcdn.com/group48/M04/46/C5/wKgKlVtPbpCgXwx1AAFrHYfS-lg189.jpg",
					"squareUrl": "http://fdfs.xmcdn.com/group48/M04/46/C5/wKgKlVtPbpCgXwx1AAFrHYfS-lg189_mobile_small.jpg"
				}, {
					"id": 119883559,
					"originUrl": "http://fdfs.xmcdn.com/group48/M04/46/C5/wKgKlVtPbpDBVAy5AAFwXh7vYhE516.jpg",
					"rectangleUrl": "http://fdfs.xmcdn.com/group48/M04/46/C5/wKgKlVtPbpDBVAy5AAFwXh7vYhE516.jpg",
					"squareUrl": "http://fdfs.xmcdn.com/group48/M04/46/C5/wKgKlVtPbpDBVAy5AAFwXh7vYhE516_mobile_small.jpg"
				}, {
					"id": 119883560,
					"originUrl": "http://fdfs.xmcdn.com/group48/M0B/BF/FB/wKgKnFtPbpGwVycuAAHFxUgKZ0c649.jpg",
					"rectangleUrl": "http://fdfs.xmcdn.com/group48/M0B/BF/FB/wKgKnFtPbpGwVycuAAHFxUgKZ0c649.jpg",
					"squareUrl": "http://fdfs.xmcdn.com/group48/M0B/BF/FB/wKgKnFtPbpGwVycuAAHFxUgKZ0c649_mobile_small.jpg"
				}],
				"text": "来试试：手机后四位数连成一句话，看看谁的遭遇最奇葩。"
			},
			"eventTime": 1531932306000,
			"id": 16943065,
			"isFromRepost": false,
			"isPraise": false,
			"statInfo": {
				"commentCount": 6859,
				"praiseCount": 6895,
				"repostCount": 0
			},
			"timeline": 1.531932306E12,
			"type": 4
		}, {
			"authorInfo": {
				"anchorGrade": 9,
				"avatarUrl": "http://fdfs.xmcdn.com/group37/M07/A2/58/wKgJoFpNnQHRXc7aAAANp1i8KKY422_mobile_small.jpg",
				"isV": true,
				"isVip": false,
				"nickname": "喜马拉雅好声音",
				"uid": 1012757,
				"userGrade": -1,
				"verifyType": 1
			},
			"contentInfo": {
				"text": "我设置了，只有小可爱才能点赞这条动态。😘"
			},
			"eventTime": 1531852886000,
			"id": 16887726,
			"isFromRepost": false,
			"isPraise": false,
			"statInfo": {
				"commentCount": 542,
				"praiseCount": 18991,
				"repostCount": 0
			},
			"timeline": 1.531852886E12,
			"type": 1
		}, {
			"authorInfo": {
				"anchorGrade": 9,
				"avatarUrl": "http://fdfs.xmcdn.com/group37/M07/A2/58/wKgJoFpNnQHRXc7aAAANp1i8KKY422_mobile_small.jpg",
				"isV": true,
				"isVip": false,
				"nickname": "喜马拉雅好声音",
				"uid": 1012757,
				"userGrade": -1,
				"verifyType": 1
			},
			"contentInfo": {
				"picInfos": [{
					"id": 119376905,
					"originUrl": "http://fdfs.xmcdn.com/group47/M04/9F/6E/wKgKk1tNYISgIBXfAAEF3j29UUM664.png",
					"rectangleUrl": "http://fdfs.xmcdn.com/group47/M04/9F/6E/wKgKk1tNYISgIBXfAAEF3j29UUM664.png",
					"squareUrl": "http://fdfs.xmcdn.com/group47/M04/9F/6E/wKgKk1tNYISgIBXfAAEF3j29UUM664_mobile_small.png"
				}, {
					"id": 119376906,
					"originUrl": "http://fdfs.xmcdn.com/group47/M04/9F/6E/wKgKk1tNYISyQoOEAAFvPrtrkRE211.png",
					"rectangleUrl": "http://fdfs.xmcdn.com/group47/M04/9F/6E/wKgKk1tNYISyQoOEAAFvPrtrkRE211.png",
					"squareUrl": "http://fdfs.xmcdn.com/group47/M04/9F/6E/wKgKk1tNYISyQoOEAAFvPrtrkRE211_mobile_small.png"
				}, {
					"id": 119376908,
					"originUrl": "http://fdfs.xmcdn.com/group47/M04/DB/AA/wKgKm1tNYITAm8xTAAOCWPQnfB4234.png",
					"rectangleUrl": "http://fdfs.xmcdn.com/group47/M04/DB/AA/wKgKm1tNYITAm8xTAAOCWPQnfB4234.png",
					"squareUrl": "http://fdfs.xmcdn.com/group47/M04/DB/AA/wKgKm1tNYITAm8xTAAOCWPQnfB4234_mobile_small.png"
				}],
				"text": "药品名称：喜马拉雅\n功能主治：睡不着。😋😋"
			},
			"eventTime": 1531797637000,
			"id": 16845322,
			"isFromRepost": false,
			"isPraise": false,
			"statInfo": {
				"commentCount": 271,
				"praiseCount": 3728,
				"repostCount": 0
			},
			"timeline": 1.531797637E12,
			"type": 4
		}, {
			"authorInfo": {
				"anchorGrade": 9,
				"avatarUrl": "http://fdfs.xmcdn.com/group37/M07/A2/58/wKgJoFpNnQHRXc7aAAANp1i8KKY422_mobile_small.jpg",
				"isV": true,
				"isVip": false,
				"nickname": "喜马拉雅好声音",
				"uid": 1012757,
				"userGrade": -1,
				"verifyType": 1
			},
			"contentInfo": {
				"picInfos": [{
					"id": 117678603,
					"originUrl": "http://fdfs.xmcdn.com/group45/M07/3E/FC/wKgKjltFaM_wk6m0AADzzgwR95U487.jpg",
					"rectangleUrl": "http://fdfs.xmcdn.com/group45/M07/3E/FC/wKgKjltFaM_wk6m0AADzzgwR95U487.jpg",
					"squareUrl": "http://fdfs.xmcdn.com/group45/M07/3E/FC/wKgKjltFaM_wk6m0AADzzgwR95U487_mobile_small.jpg"
				}],
				"text": "#喜马早安#“如果不是我，那会是谁？\n如果不是现在，那是什么时候？“[太阳][太阳]\n——艾玛·沃特森"
			},
			"eventTime": 1531275472000,
			"id": 16501127,
			"isFromRepost": false,
			"isPraise": false,
			"statInfo": {
				"commentCount": 293,
				"praiseCount": 8000,
				"repostCount": 0
			},
			"timeline": 1.531275472E12,
			"type": 4
		}],
		"totalSize": 21,
		"unreadNum": 0
	},
	"ret": 0
}