{
	"data": {
		"emptyTip": "暂无更多动态",
		"endScore": 1533620542401,
		"hasMore": true,
		"pullTip": "为你更新了一些动态",
		"startScore": 1533620542420,
		"streamList": [{
			"avatar": "http://fdfs.xmcdn.com/group46/M06/01/26/wKgKj1teG5yCeSJzAAF6w2fHol4950_mobile_small.jpg",
			"commentsCount": 0,
			"content": "15天，整整半个月了，10W的喜爱值。图片太多放不下，大家请原谅。今天下了个早班，真的很谢谢你们每一位的守护和付出！无法用言语来表达内心的感激之情！只愿一路相扶相持的走下去！不论前面是荆棘密布，还是鲜花铺路，我都会与你们并肩前行，成为你们的骄傲！我真的超爱你们，比心❤️发射💕",
			"id": 18034849,
			"issuedTs": 1533402981000,
			"liked": false,
			"likesCount": 4,
			"nickname": "伊__shk",
			"picUrls": [{
				"originUrl": "http://fdfs.xmcdn.com/group48/M05/36/DB/wKgKnFtl32OCTVUIAAAyx3HyONA656.jpg",
				"thumbnailUrl": "http://fdfs.xmcdn.com/group48/M05/36/DB/wKgKnFtl32OCTVUIAAAyx3HyONA656_mobile_small.jpg"
			}, {
				"originUrl": "http://fdfs.xmcdn.com/group48/M05/36/DA/wKgKnFtl32OxI--IAABHufFGT_I278.jpg",
				"thumbnailUrl": "http://fdfs.xmcdn.com/group48/M05/36/DA/wKgKnFtl32OxI--IAABHufFGT_I278_mobile_small.jpg"
			}, {
				"originUrl": "http://fdfs.xmcdn.com/group48/M05/BC/F2/wKgKlVtl32PzbL8KAABL2_3OTPc248.jpg",
				"thumbnailUrl": "http://fdfs.xmcdn.com/group48/M05/BC/F2/wKgKlVtl32PzbL8KAABL2_3OTPc248_mobile_small.jpg"
			}, {
				"originUrl": "http://fdfs.xmcdn.com/group48/M05/BC/F2/wKgKlVtl32OSBBO2AABTrJ532_0229.jpg",
				"thumbnailUrl": "http://fdfs.xmcdn.com/group48/M05/BC/F2/wKgKlVtl32OSBBO2AABTrJ532_0229_mobile_small.jpg"
			}, {
				"originUrl": "http://fdfs.xmcdn.com/group48/M05/BC/F2/wKgKlVtl32PDahruAABi27rXGJk527.jpg",
				"thumbnailUrl": "http://fdfs.xmcdn.com/group48/M05/BC/F2/wKgKlVtl32PDahruAABi27rXGJk527_mobile_small.jpg"
			}, {
				"originUrl": "http://fdfs.xmcdn.com/group48/M05/36/DB/wKgKnFtl32SA_DHuAABZlmPn5sM791.jpg",
				"thumbnailUrl": "http://fdfs.xmcdn.com/group48/M05/36/DB/wKgKnFtl32SA_DHuAABZlmPn5sM791_mobile_small.jpg"
			}, {
				"originUrl": "http://fdfs.xmcdn.com/group48/M05/BC/F3/wKgKlVtl32SA1M4fAABWmZKGtRU852.jpg",
				"thumbnailUrl": "http://fdfs.xmcdn.com/group48/M05/BC/F3/wKgKlVtl32SA1M4fAABWmZKGtRU852_mobile_small.jpg"
			}, {
				"originUrl": "http://fdfs.xmcdn.com/group48/M05/BC/F3/wKgKlVtl32TycsGHAABLtClZK0M245.jpg",
				"thumbnailUrl": "http://fdfs.xmcdn.com/group48/M05/BC/F3/wKgKlVtl32TycsGHAABLtClZK0M245_mobile_small.jpg"
			}, {
				"originUrl": "http://fdfs.xmcdn.com/group48/M05/36/DB/wKgKnFtl32TQqVFAAABN9BF_nQg937.jpg",
				"thumbnailUrl": "http://fdfs.xmcdn.com/group48/M05/36/DB/wKgKnFtl32TQqVFAAABN9BF_nQg937_mobile_small.jpg"
			}],
			"recSrc": "hot-chaos",
			"recTrack": "FD.CHAOS.1230",
			"score": 1533620542420,
			"subType": "pic",
			"subscribed": false,
			"type": "chaos",
			"uid": 123127399
		}, {
			"avatar": "http://fdfs.xmcdn.com/group47/M00/FC/D4/wKgKm1tavuSj9KMBAAE2jiRj6SA549_mobile_small.jpg",
			"commentsCount": 1,
			"content": "当当当当~7777来报道啦[太开心][太开心]感谢大家长久以来的支持与陪伴哦~阿生因为你们才感到幸福[太阳]感谢今天的寿星最熟悉的陌生人小姐姐今天的两颗大钻石[爱你]祝小姐姐生日快乐哦[蛋糕][蛋糕]",
			"id": 18122770,
			"issuedTs": 1533549472000,
			"liked": false,
			"likesCount": 2,
			"nickname": "十日生_南语",
			"picUrls": [{
				"originUrl": "http://fdfs.xmcdn.com/group48/M00/D7/F1/wKgKlVtoG57RSKVbAAMIxfA-tlQ158.jpg",
				"thumbnailUrl": "http://fdfs.xmcdn.com/group48/M00/D7/F1/wKgKlVtoG57RSKVbAAMIxfA-tlQ158_mobile_small.jpg"
			}, {
				"originUrl": "http://fdfs.xmcdn.com/group48/M0A/51/BE/wKgKnFtoG5_yi0I6AAKqDPwohxo607.jpg",
				"thumbnailUrl": "http://fdfs.xmcdn.com/group48/M0A/51/BE/wKgKnFtoG5_yi0I6AAKqDPwohxo607_mobile_small.jpg"
			}, {
				"originUrl": "http://fdfs.xmcdn.com/group48/M0A/51/BE/wKgKnFtoG5_jWNtPAAAWm-nEVDc180.jpg",
				"thumbnailUrl": "http://fdfs.xmcdn.com/group48/M0A/51/BE/wKgKnFtoG5_jWNtPAAAWm-nEVDc180_mobile_small.jpg"
			}],
			"recSrc": "hot-chaos",
			"recTrack": "FD.CHAOS.1230",
			"score": 1533620542419,
			"subType": "pic",
			"subscribed": false,
			"type": "chaos",
			"uid": 112434109
		}, {
			"avatar": "http://fdfs.xmcdn.com/group32/M04/31/03/wKgJnFmY9PWAGV_xAAFbiXaDfG0371_mobile_small.jpg",
			"commentsCount": 3,
			"content": "“约跑”打卡3/15\r引领健康生活，加入喜马拉雅主播“夜跑”，让我们夜跑“约跑”约起来。\r最后两张，不是碳酸饮料，无糖，无热量，无碳水化合物，只有纤维和钠，这东北都已经三十七八度了，喝点低盐的吧，结果，又贵又难喝，真特么喝不惯，看来喝惯了辣鸡食品，这种高级货真不适合我。[汗]",
			"id": 17764017,
			"issuedTs": 1533132006000,
			"liked": false,
			"likesCount": 14,
			"nickname": "dahuilang731",
			"picUrls": [{
				"originUrl": "http://fdfs.xmcdn.com/group46/M0A/35/A2/wKgKj1thvOPRiahnAAGsOsj4X8Y311.jpg",
				"thumbnailUrl": "http://fdfs.xmcdn.com/group46/M0A/35/A2/wKgKj1thvOPRiahnAAGsOsj4X8Y311_mobile_small.jpg"
			}, {
				"originUrl": "http://fdfs.xmcdn.com/group46/M0A/35/A2/wKgKj1thvOOzWx-5AAJaSZKcCd4396.jpg",
				"thumbnailUrl": "http://fdfs.xmcdn.com/group46/M0A/35/A2/wKgKj1thvOOzWx-5AAJaSZKcCd4396_mobile_small.jpg"
			}, {
				"originUrl": "http://fdfs.xmcdn.com/group46/M0A/35/A2/wKgKj1thvOPhPjEmAAJndOUt1wU021.jpg",
				"thumbnailUrl": "http://fdfs.xmcdn.com/group46/M0A/35/A2/wKgKj1thvOPhPjEmAAJndOUt1wU021_mobile_small.jpg"
			}, {
				"originUrl": "http://fdfs.xmcdn.com/group46/M0A/35/A2/wKgKj1thvOOBcEehAAFT7IuWDEI757.jpg",
				"thumbnailUrl": "http://fdfs.xmcdn.com/group46/M0A/35/A2/wKgKj1thvOOBcEehAAFT7IuWDEI757_mobile_small.jpg"
			}, {
				"originUrl": "http://fdfs.xmcdn.com/group46/M0A/35/E0/wKgKllthvOSzRLPuAAF-0fwuyN8047.jpg",
				"thumbnailUrl": "http://fdfs.xmcdn.com/group46/M0A/35/E0/wKgKllthvOSzRLPuAAF-0fwuyN8047_mobile_small.jpg"
			}, {
				"originUrl": "http://fdfs.xmcdn.com/group46/M0A/35/E0/wKgKllthvOSCskwyAAGab7djRgM234.jpg",
				"thumbnailUrl": "http://fdfs.xmcdn.com/group46/M0A/35/E0/wKgKllthvOSCskwyAAGab7djRgM234_mobile_small.jpg"
			}],
			"recSrc": "hot-chaos",
			"recTrack": "FD.CHAOS.1230",
			"score": 1533620542418,
			"subType": "pic",
			"subscribed": false,
			"type": "chaos",
			"uid": 70516280
		}, {
			"avatar": "http://fdfs.xmcdn.com/group44/M08/E2/13/wKgKkVsBcGvRf60AAAB6E02gu1w914_mobile_small.jpg",
			"commentsCount": 2,
			"content": "感谢月瘾，小愚，微笑😊好欧的",
			"id": 17939815,
			"issuedTs": 1533270862000,
			"liked": false,
			"likesCount": 14,
			"nickname": "张小生_九星",
			"picUrls": [{
				"originUrl": "http://fdfs.xmcdn.com/group47/M03/7A/DA/wKgKm1tj20yzjblwAADzN_R9WrE421.jpg",
				"thumbnailUrl": "http://fdfs.xmcdn.com/group47/M03/7A/DA/wKgKm1tj20yzjblwAADzN_R9WrE421_mobile_small.jpg"
			}, {
				"originUrl": "http://fdfs.xmcdn.com/group47/M03/3E/84/wKgKk1tj20ywEjmbAAayHefzTbI517.jpg",
				"thumbnailUrl": "http://fdfs.xmcdn.com/group47/M03/3E/84/wKgKk1tj20ywEjmbAAayHefzTbI517_mobile_small.jpg"
			}, {
				"originUrl": "http://fdfs.xmcdn.com/group47/M03/7A/DA/wKgKm1tj203hh1wiAAbT1MyHUxc772.jpg",
				"thumbnailUrl": "http://fdfs.xmcdn.com/group47/M03/7A/DA/wKgKm1tj203hh1wiAAbT1MyHUxc772_mobile_small.jpg"
			}],
			"recSrc": "hot-chaos",
			"recTrack": "FD.CHAOS.1230",
			"score": 1533620542417,
			"subType": "pic",
			"subscribed": false,
			"type": "chaos",
			"uid": 20511107
		}, {
			"avatar": "http://fdfs.xmcdn.com/group47/M0A/25/CE/wKgKm1tdufyRKf6WAACGKS-wCdA145_mobile_small.jpg",
			"commentsCount": 2,
			"content": "[太开心] 直播以来第一次收到特效 激动激动 谢谢辰辰  敲级感谢[爱你] 还有暖风和余生 [爱你] 笔芯笔芯笔[心]",
			"id": 18148643,
			"issuedTs": 1533592711000,
			"liked": false,
			"likesCount": 1,
			"nickname": "三岁雪_BY娱乐",
			"picUrls": [{
				"originUrl": "http://fdfs.xmcdn.com/group47/M09/BB/14/wKgKm1toxH-AVuHqABFCRUABbWw834.png",
				"thumbnailUrl": "http://fdfs.xmcdn.com/group47/M09/BB/14/wKgKm1toxH-AVuHqABFCRUABbWw834_mobile_small.png"
			}, {
				"originUrl": "http://fdfs.xmcdn.com/group47/M09/BB/14/wKgKm1toxILgs3UyAArztHhuJPM059.png",
				"thumbnailUrl": "http://fdfs.xmcdn.com/group47/M09/BB/14/wKgKm1toxILgs3UyAArztHhuJPM059_mobile_small.png"
			}, {
				"originUrl": "http://fdfs.xmcdn.com/group47/M09/7E/B2/wKgKk1toxIOSVM-7AAqyydbdCrE842.png",
				"thumbnailUrl": "http://fdfs.xmcdn.com/group47/M09/7E/B2/wKgKk1toxIOSVM-7AAqyydbdCrE842_mobile_small.png"
			}, {
				"originUrl": "http://fdfs.xmcdn.com/group47/M09/BB/14/wKgKm1toxIWBcuYYAAgIZzW2Gz4127.png",
				"thumbnailUrl": "http://fdfs.xmcdn.com/group47/M09/BB/14/wKgKm1toxIWBcuYYAAgIZzW2Gz4127_mobile_small.png"
			}],
			"recSrc": "hot-chaos",
			"recTrack": "FD.CHAOS.1230",
			"score": 1533620542416,
			"subType": "pic",
			"subscribed": false,
			"type": "chaos",
			"uid": 97769951
		}, {
			"avatar": "http://fdfs.xmcdn.com/group46/M01/4B/64/wKgKj1tjLGTw8n5HAACIuI0IE0M574_mobile_small.jpg",
			"commentsCount": 2,
			"content": "喜马是奇妙的，有喜欢，讨厌。支持，反对。肯定，怀疑，虽素昧平生，但你终会明白所有。树秋天的落叶，只为冬天中积蓄力量。春天自会芳华依然。灵魂的修复才是永不干枯的希望。。。",
			"id": 18038675,
			"issuedTs": 1533424808000,
			"liked": false,
			"likesCount": 4,
			"nickname": "一蓑谛听烟雨中",
			"picUrls": [{
				"originUrl": "http://fdfs.xmcdn.com/group48/M0B/38/04/wKgKnFtmNKbA4VSnAAaImnmiOLg835.png",
				"thumbnailUrl": "http://fdfs.xmcdn.com/group48/M0B/38/04/wKgKnFtmNKbA4VSnAAaImnmiOLg835_mobile_small.png"
			}, {
				"originUrl": "http://fdfs.xmcdn.com/group48/M0B/BE/1D/wKgKlVtmNKagqVjOAARdIo23-s4218.jpg",
				"thumbnailUrl": "http://fdfs.xmcdn.com/group48/M0B/BE/1D/wKgKlVtmNKagqVjOAARdIo23-s4218_mobile_small.jpg"
			}, {
				"originUrl": "http://fdfs.xmcdn.com/group48/M0B/38/05/wKgKnFtmNKfQb5AnAATFEGQ8qFA483.jpg",
				"thumbnailUrl": "http://fdfs.xmcdn.com/group48/M0B/38/05/wKgKnFtmNKfQb5AnAATFEGQ8qFA483_mobile_small.jpg"
			}, {
				"originUrl": "http://fdfs.xmcdn.com/group48/M0B/38/05/wKgKnFtmNKeAZ0kpAAB3ce2Phcs781.jpg",
				"thumbnailUrl": "http://fdfs.xmcdn.com/group48/M0B/38/05/wKgKnFtmNKeAZ0kpAAB3ce2Phcs781_mobile_small.jpg"
			}],
			"recSrc": "hot-chaos",
			"recTrack": "FD.CHAOS.1230",
			"score": 1533620542415,
			"subType": "pic",
			"subscribed": false,
			"type": "chaos",
			"uid": 90196756
		}, {
			"avatar": "http://fdfs.xmcdn.com/group43/M02/CA/87/wKgKklr3AO3Rae5GAACCoH3SixQ042_mobile_small.jpg",
			"commentsCount": 3,
			"content": "青春本来就是马不停蹄的相遇和错过 愿你能遇见那个人 那个能让你不用再咬着牙逞强憋着泪倔犟的人😏",
			"id": 18146806,
			"issuedTs": 1533575012000,
			"liked": false,
			"likesCount": 5,
			"nickname": "浮生阿_余音",
			"picUrls": [{
				"originUrl": "http://fdfs.xmcdn.com/group48/M02/DF/99/wKgKlVtof2PBLPBNAADlW0lOWC4129.jpg",
				"thumbnailUrl": "http://fdfs.xmcdn.com/group48/M02/DF/99/wKgKlVtof2PBLPBNAADlW0lOWC4129_mobile_small.jpg"
			}],
			"recSrc": "hot-chaos",
			"recTrack": "FD.CHAOS.1230",
			"score": 1533620542414,
			"subType": "pic",
			"subscribed": false,
			"type": "chaos",
			"uid": 86854952
		}, {
			"avatar": "http://fdfs.xmcdn.com/group46/M07/A1/45/wKgKj1tXJq_CRWioAAC1P372I6s893_mobile_small.jpg",
			"commentsCount": 17,
			"content": "我求你了，红姐，你就抓我吧，我不就溜了你三台发电机？我还故意让你砍了一刀，你为啥就是不抓我？",
			"id": 17822182,
			"issuedTs": 1533267518000,
			"liked": false,
			"likesCount": 20,
			"nickname": "列火刀刀",
			"picUrls": [{
				"originUrl": "http://fdfs.xmcdn.com/group46/M06/51/20/wKgKlltjzj2xNLlpAAjNJ14PAfE812.jpg",
				"thumbnailUrl": "http://fdfs.xmcdn.com/group46/M06/51/20/wKgKlltjzj2xNLlpAAjNJ14PAfE812_mobile_small.jpg"
			}, {
				"originUrl": "http://fdfs.xmcdn.com/group46/M06/51/20/wKgKlltjzj3AgftjAAizhm20Xa8000.jpg",
				"thumbnailUrl": "http://fdfs.xmcdn.com/group46/M06/51/20/wKgKlltjzj3AgftjAAizhm20Xa8000_mobile_small.jpg"
			}, {
				"originUrl": "http://fdfs.xmcdn.com/group46/M06/51/20/wKgKlltjzj2gZVBqAAihyQ09zFI098.jpg",
				"thumbnailUrl": "http://fdfs.xmcdn.com/group46/M06/51/20/wKgKlltjzj2gZVBqAAihyQ09zFI098_mobile_small.jpg"
			}],
			"recSrc": "hot-chaos",
			"recTrack": "FD.CHAOS.1230",
			"score": 1533620542413,
			"subType": "pic",
			"subscribed": false,
			"type": "chaos",
			"uid": 96380450
		}, {
			"avatar": "http://fdfs.xmcdn.com/group21/M00/97/EC/wKgJKFipMvmicpYXAABr-LDvjm0643_mobile_small.jpg",
			"commentsCount": 14,
			"content": "总有颠僧想害猫！",
			"id": 17757034,
			"issuedTs": 1533126039000,
			"liked": false,
			"likesCount": 117,
			"nickname": "小镇的猫",
			"picUrls": [{
				"originUrl": "http://fdfs.xmcdn.com/group45/M0A/48/5A/wKgKjlthpZbi06O7AAYEQWDVFP8712.jpg",
				"thumbnailUrl": "http://fdfs.xmcdn.com/group45/M0A/48/5A/wKgKjlthpZbi06O7AAYEQWDVFP8712_mobile_small.jpg"
			}, {
				"originUrl": "http://fdfs.xmcdn.com/group45/M00/1D/80/wKgKlFthpZbzyUSzAAYkYHzKZlU065.jpg",
				"thumbnailUrl": "http://fdfs.xmcdn.com/group45/M00/1D/80/wKgKlFthpZbzyUSzAAYkYHzKZlU065_mobile_small.jpg"
			}],
			"recSrc": "hot-chaos",
			"recTrack": "FD.CHAOS.1230",
			"score": 1533620542412,
			"subType": "pic",
			"subscribed": false,
			"type": "chaos",
			"uid": 24422324
		}, {
			"avatar": "http://fdfs.xmcdn.com/group47/M03/1D/3B/wKgKk1tRdIOwi8yvAAB8K2qbpSY523_mobile_small.jpg",
			"commentsCount": 1,
			"content": "本家的唯一的花灯😂😂，谢谢我们左心♥♥♥😁😁，然后呢，晚安啦，谢谢陪我作了一天的小盆友们[哈哈，不点名了，省的漏了谁，就不好了，脑子不太够用]，晚安晚安",
			"id": 18148056,
			"issuedTs": 1533581198000,
			"liked": false,
			"likesCount": 1,
			"nickname": "失心小童_Yh",
			"picUrls": [{
				"originUrl": "http://fdfs.xmcdn.com/group46/M08/91/7B/wKgKlltol4rRgHmHABcUpv8ZPwg165.png",
				"thumbnailUrl": "http://fdfs.xmcdn.com/group46/M08/91/7B/wKgKlltol4rRgHmHABcUpv8ZPwg165_mobile_small.png"
			}, {
				"originUrl": "http://fdfs.xmcdn.com/group45/M03/A5/FE/wKgKjltol43z_vl2AAQOGvm7HqA402.jpg",
				"thumbnailUrl": "http://fdfs.xmcdn.com/group45/M03/A5/FE/wKgKjltol43z_vl2AAQOGvm7HqA402_mobile_small.jpg"
			}],
			"recSrc": "hot-chaos",
			"recTrack": "FD.CHAOS.1230",
			"score": 1533620542411,
			"subType": "pic",
			"subscribed": false,
			"type": "chaos",
			"uid": 70918703
		}, {
			"avatar": "http://fdfs.xmcdn.com/group38/M0A/A1/E4/wKgJolp8eEWgAtaoAAEWbkf4cek744_mobile_small.jpg",
			"commentsCount": 14,
			"content": "春风十里，我们在路予心里[爱你]",
			"id": 18033867,
			"issuedTs": 1533400879000,
			"liked": false,
			"likesCount": 21,
			"nickname": "路予_九星",
			"picUrls": [{
				"originUrl": "http://fdfs.xmcdn.com/group45/M08/82/F3/wKgKjltl1y3TFAzJABk3hvfW414883.jpg",
				"thumbnailUrl": "http://fdfs.xmcdn.com/group45/M08/82/F3/wKgKjltl1y3TFAzJABk3hvfW414883_mobile_small.jpg"
			}],
			"recSrc": "hot-chaos",
			"recTrack": "FD.CHAOS.1230",
			"score": 1533620542410,
			"subType": "pic",
			"subscribed": false,
			"type": "chaos",
			"uid": 27442336
		}, {
			"avatar": "http://fdfs.xmcdn.com/group48/M05/DD/9A/wKgKlVtoXLrCxoWGAAEdpXCZk7g369_mobile_small.jpg",
			"commentsCount": 2,
			"content": "总算到酒店了，诶妈这一路上走走停停……mmp😂😂😂有没有贵阳的宝宝，要不要约个见面啊？送两张飞机自拍[嘻嘻]贵阳风真大，我都在风中凌乱了。。。赶紧的，贵阳的今晚就见面",
			"id": 18062297,
			"issuedTs": 1533456304000,
			"liked": false,
			"likesCount": 34,
			"nickname": "NJ水蜜桃",
			"picUrls": [{
				"originUrl": "http://fdfs.xmcdn.com/group45/M02/8A/E0/wKgKjltmr66ASgQMAAETayEk4Ko735.jpg",
				"thumbnailUrl": "http://fdfs.xmcdn.com/group45/M02/8A/E0/wKgKjltmr66ASgQMAAETayEk4Ko735_mobile_small.jpg"
			}, {
				"originUrl": "http://fdfs.xmcdn.com/group45/M07/60/0B/wKgKlFtmr66AM6HPAADvPBX3hlA513.jpg",
				"thumbnailUrl": "http://fdfs.xmcdn.com/group45/M07/60/0B/wKgKlFtmr66AM6HPAADvPBX3hlA513_mobile_small.jpg"
			}],
			"recSrc": "hot-chaos",
			"recTrack": "FD.CHAOS.1230",
			"score": 1533620542409,
			"subType": "pic",
			"subscribed": false,
			"type": "chaos",
			"uid": 40642512
		}, {
			"avatar": "http://fdfs.xmcdn.com/group31/M09/A3/FB/wKgJX1nI-QyAVZi2AACZ3s_ITCY749_mobile_small.jpg",
			"commentsCount": 14,
			"content": "冒个泡证明自己还活着 (￣∀￣) 顺便，全职高手同人续写-世锦赛/天下英雄 这文有人想听么？有的话我就开个直播，没有的话就算了╮(￣▽￣)╭",
			"id": 18105462,
			"issuedTs": 1533530740000,
			"liked": false,
			"likesCount": 3,
			"nickname": "闲音拂尘",
			"picUrls": [{
				"originUrl": "http://fdfs.xmcdn.com/group48/M05/4D/5F/wKgKnFtn0nLhFr2qAAoOE7cxP4U551.png",
				"thumbnailUrl": "http://fdfs.xmcdn.com/group48/M05/4D/5F/wKgKnFtn0nLhFr2qAAoOE7cxP4U551_mobile_small.png"
			}, {
				"originUrl": "http://fdfs.xmcdn.com/group48/M0A/D3/9B/wKgKlVtn0nPSHsgyAAFPjnO0wKM036.png",
				"thumbnailUrl": "http://fdfs.xmcdn.com/group48/M0A/D3/9B/wKgKlVtn0nPSHsgyAAFPjnO0wKM036_mobile_small.png"
			}],
			"recSrc": "hot-chaos",
			"recTrack": "FD.CHAOS.1230",
			"score": 1533620542408,
			"subType": "pic",
			"subscribed": false,
			"type": "chaos",
			"uid": 25374396
		}, {
			"avatar": "http://fdfs.xmcdn.com/group45/M06/88/40/wKgKjltmfcbQTifdAADaHUCH7KY296_mobile_small.jpg",
			"commentsCount": 5,
			"content": "才发现TFboys已经5周年了，3个曾经我们守护了五年的少年，现在成长了，6个字母，3个少年，愿你们不忘初心，加油！",
			"id": 18000078,
			"issuedTs": 1533363555000,
			"liked": false,
			"likesCount": 17,
			"nickname": "汐辰_颖料",
			"picUrls": [{
				"originUrl": "http://fdfs.xmcdn.com/group48/M09/2D/25/wKgKnFtlRWKi24yoAAH4Cf9X0CU410.jpg",
				"thumbnailUrl": "http://fdfs.xmcdn.com/group48/M09/2D/25/wKgKnFtlRWKi24yoAAH4Cf9X0CU410_mobile_small.jpg"
			}, {
				"originUrl": "http://fdfs.xmcdn.com/group48/M09/2D/25/wKgKnFtlRWPgsEmGAAHsKc08Unc368.jpg",
				"thumbnailUrl": "http://fdfs.xmcdn.com/group48/M09/2D/25/wKgKnFtlRWPgsEmGAAHsKc08Unc368_mobile_small.jpg"
			}, {
				"originUrl": "http://fdfs.xmcdn.com/group48/M09/2D/25/wKgKnFtlRWLxTjERAAEgD-AZfv0019.jpg",
				"thumbnailUrl": "http://fdfs.xmcdn.com/group48/M09/2D/25/wKgKnFtlRWLxTjERAAEgD-AZfv0019_mobile_small.jpg"
			}, {
				"originUrl": "http://fdfs.xmcdn.com/group48/M07/B3/49/wKgKlVtlRWKxHzfPAAFTQt4YLM0207.jpg",
				"thumbnailUrl": "http://fdfs.xmcdn.com/group48/M07/B3/49/wKgKlVtlRWKxHzfPAAFTQt4YLM0207_mobile_small.jpg"
			}],
			"recSrc": "hot-chaos",
			"recTrack": "FD.CHAOS.1230",
			"score": 1533620542407,
			"subType": "pic",
			"subscribed": false,
			"type": "chaos",
			"uid": 75480381
		}, {
			"avatar": "http://fdfs.xmcdn.com/group31/M04/1D/0D/wKgJSVlvW3_Q3IHBAADKO7zSNm8507_mobile_small.jpg",
			"commentsCount": 2,
			"content": "晚安，所有人，好梦[打哈气][困][睡觉]凉快了没？",
			"id": 18142852,
			"issuedTs": 1533568075000,
			"liked": false,
			"likesCount": 19,
			"nickname": "疯魔的猫",
			"picUrls": [{
				"originUrl": "http://fdfs.xmcdn.com/group48/M09/DE/45/wKgKlVtoZErQreyNAACqpEZfISQ493.jpg",
				"thumbnailUrl": "http://fdfs.xmcdn.com/group48/M09/DE/45/wKgKlVtoZErQreyNAACqpEZfISQ493_mobile_small.jpg"
			}, {
				"originUrl": "http://fdfs.xmcdn.com/group48/M09/58/0F/wKgKnFtoZErSh5wbAACApgdqNuI258.jpg",
				"thumbnailUrl": "http://fdfs.xmcdn.com/group48/M09/58/0F/wKgKnFtoZErSh5wbAACApgdqNuI258_mobile_small.jpg"
			}, {
				"originUrl": "http://fdfs.xmcdn.com/group48/M09/DE/45/wKgKlVtoZEryO9xgAADITZwpRc8268.jpg",
				"thumbnailUrl": "http://fdfs.xmcdn.com/group48/M09/DE/45/wKgKlVtoZEryO9xgAADITZwpRc8268_mobile_small.jpg"
			}, {
				"originUrl": "http://fdfs.xmcdn.com/group48/M09/DE/45/wKgKlVtoZErxbif4AAC2fYK972M880.jpg",
				"thumbnailUrl": "http://fdfs.xmcdn.com/group48/M09/DE/45/wKgKlVtoZErxbif4AAC2fYK972M880_mobile_small.jpg"
			}, {
				"originUrl": "http://fdfs.xmcdn.com/group48/M09/58/0F/wKgKnFtoZErjojkIAACNhMV11XU483.jpg",
				"thumbnailUrl": "http://fdfs.xmcdn.com/group48/M09/58/0F/wKgKnFtoZErjojkIAACNhMV11XU483_mobile_small.jpg"
			}, {
				"originUrl": "http://fdfs.xmcdn.com/group48/M09/58/0F/wKgKnFtoZErinEbSAAClKXi6eYg231.jpg",
				"thumbnailUrl": "http://fdfs.xmcdn.com/group48/M09/58/0F/wKgKnFtoZErinEbSAAClKXi6eYg231_mobile_small.jpg"
			}],
			"recSrc": "hot-chaos",
			"recTrack": "FD.CHAOS.1230",
			"score": 1533620542406,
			"subType": "pic",
			"subscribed": false,
			"type": "chaos",
			"uid": 73136167
		}, {
			"avatar": "http://fdfs.xmcdn.com/group46/M03/73/85/wKgKlls97NLTOoDxAAGgfvb-bFY998_mobile_small.jpg",
			"commentsCount": 3,
			"content": "最好的结局❤️",
			"id": 17817218,
			"issuedTs": 1533237558000,
			"liked": false,
			"likesCount": 14,
			"nickname": "__烟岚",
			"picUrls": [{
				"originUrl": "http://fdfs.xmcdn.com/group47/M05/75/8C/wKgKm1tjWTWQdw2OAABPernAAUw530.jpg",
				"thumbnailUrl": "http://fdfs.xmcdn.com/group47/M05/75/8C/wKgKm1tjWTWQdw2OAABPernAAUw530_mobile_small.jpg"
			}, {
				"originUrl": "http://fdfs.xmcdn.com/group47/M05/39/2F/wKgKk1tjWTXiVQt5AAEEsnaH9Ss638.jpg",
				"thumbnailUrl": "http://fdfs.xmcdn.com/group47/M05/39/2F/wKgKk1tjWTXiVQt5AAEEsnaH9Ss638_mobile_small.jpg"
			}, {
				"originUrl": "http://fdfs.xmcdn.com/group47/M05/39/2F/wKgKk1tjWTWSI2K8AADkr5kRUHU598.jpg",
				"thumbnailUrl": "http://fdfs.xmcdn.com/group47/M05/39/2F/wKgKk1tjWTWSI2K8AADkr5kRUHU598_mobile_small.jpg"
			}, {
				"originUrl": "http://fdfs.xmcdn.com/group47/M05/75/8C/wKgKm1tjWTWDyKuOAAGhABrDFJU882.jpg",
				"thumbnailUrl": "http://fdfs.xmcdn.com/group47/M05/75/8C/wKgKm1tjWTWDyKuOAAGhABrDFJU882_mobile_small.jpg"
			}],
			"recSrc": "hot-chaos",
			"recTrack": "FD.CHAOS.1230",
			"score": 1533620542405,
			"subType": "pic",
			"subscribed": false,
			"type": "chaos",
			"uid": 108158384
		}, {
			"avatar": "http://fdfs.xmcdn.com/group45/M06/15/9C/wKgKjltd-_LAlWSKAASU6iESWF4638_mobile_small.jpg",
			"commentsCount": 1,
			"content": "mua，感谢大家的支持与宠爱，来到喜马拉雅第一次在0点之前还是在日榜前50，第一次收到终极礼物1314🙉，谢谢大家对秋木的宠爱，晚安，大家",
			"id": 17775850,
			"issuedTs": 1533150260000,
			"liked": false,
			"likesCount": 14,
			"nickname": "秋木_一笑倾城",
			"picUrls": [{
				"originUrl": "http://fdfs.xmcdn.com/group47/M03/62/CC/wKgKm1tiBDPRl-J6AAKHz7_0G1s880.jpg",
				"thumbnailUrl": "http://fdfs.xmcdn.com/group47/M03/62/CC/wKgKm1tiBDPRl-J6AAKHz7_0G1s880_mobile_small.jpg"
			}, {
				"originUrl": "http://fdfs.xmcdn.com/group47/M06/26/5B/wKgKk1tiBDOgT9KGAAMxGCjqp4M071.jpg",
				"thumbnailUrl": "http://fdfs.xmcdn.com/group47/M06/26/5B/wKgKk1tiBDOgT9KGAAMxGCjqp4M071_mobile_small.jpg"
			}, {
				"originUrl": "http://fdfs.xmcdn.com/group47/M06/26/5B/wKgKk1tiBDORHn__AAKN40XYVgE023.jpg",
				"thumbnailUrl": "http://fdfs.xmcdn.com/group47/M06/26/5B/wKgKk1tiBDORHn__AAKN40XYVgE023_mobile_small.jpg"
			}, {
				"originUrl": "http://fdfs.xmcdn.com/group47/M06/26/5B/wKgKk1tiBDOhbwkuAAJ6StpSc60629.jpg",
				"thumbnailUrl": "http://fdfs.xmcdn.com/group47/M06/26/5B/wKgKk1tiBDOhbwkuAAJ6StpSc60629_mobile_small.jpg"
			}, {
				"originUrl": "http://fdfs.xmcdn.com/group47/M06/26/5B/wKgKk1tiBDOAk4rsAAKl5VSNQig106.jpg",
				"thumbnailUrl": "http://fdfs.xmcdn.com/group47/M06/26/5B/wKgKk1tiBDOAk4rsAAKl5VSNQig106_mobile_small.jpg"
			}, {
				"originUrl": "http://fdfs.xmcdn.com/group47/M03/62/CC/wKgKm1tiBDOzsWDyAAHtCfh51ME343.jpg",
				"thumbnailUrl": "http://fdfs.xmcdn.com/group47/M03/62/CC/wKgKm1tiBDOzsWDyAAHtCfh51ME343_mobile_small.jpg"
			}],
			"recSrc": "hot-chaos",
			"recTrack": "FD.CHAOS.1230",
			"score": 1533620542404,
			"subType": "pic",
			"subscribed": false,
			"type": "chaos",
			"uid": 99686163
		}, {
			"avatar": "http://fdfs.xmcdn.com/group46/M07/40/A4/wKgKlltinCGRMRqPAABeIpuVR2Q711_mobile_small.jpg",
			"commentsCount": 6,
			"content": "憋不住了，当我回来了[嘻嘻][嘻嘻]前三张是让别人做的闺蜜图，后三张是我做滴～^_^",
			"id": 17945099,
			"issuedTs": 1533276796000,
			"liked": false,
			"likesCount": 13,
			"nickname": "星音家的初雪心",
			"picUrls": [{
				"originUrl": "http://fdfs.xmcdn.com/group47/M08/7C/2F/wKgKm1tj8nrxAGtpAAG3sQSVKaM224.jpg",
				"thumbnailUrl": "http://fdfs.xmcdn.com/group47/M08/7C/2F/wKgKm1tj8nrxAGtpAAG3sQSVKaM224_mobile_small.jpg"
			}, {
				"originUrl": "http://fdfs.xmcdn.com/group47/M08/3F/DF/wKgKk1tj8nqAXcUvAAELREIkAvY589.jpg",
				"thumbnailUrl": "http://fdfs.xmcdn.com/group47/M08/3F/DF/wKgKk1tj8nqAXcUvAAELREIkAvY589_mobile_small.jpg"
			}, {
				"originUrl": "http://fdfs.xmcdn.com/group47/M08/3F/DF/wKgKk1tj8nqRfVvcAAGgIzZwVFM594.jpg",
				"thumbnailUrl": "http://fdfs.xmcdn.com/group47/M08/3F/DF/wKgKk1tj8nqRfVvcAAGgIzZwVFM594_mobile_small.jpg"
			}, {
				"originUrl": "http://fdfs.xmcdn.com/group47/M08/3F/DF/wKgKk1tj8nqjPiHVAAMcZLfHlz8750.jpg",
				"thumbnailUrl": "http://fdfs.xmcdn.com/group47/M08/3F/DF/wKgKk1tj8nqjPiHVAAMcZLfHlz8750_mobile_small.jpg"
			}, {
				"originUrl": "http://fdfs.xmcdn.com/group47/M08/3F/E0/wKgKk1tj8nvhDrlHAAK3ik3Qw_0633.jpg",
				"thumbnailUrl": "http://fdfs.xmcdn.com/group47/M08/3F/E0/wKgKk1tj8nvhDrlHAAK3ik3Qw_0633_mobile_small.jpg"
			}, {
				"originUrl": "http://fdfs.xmcdn.com/group47/M08/3F/E0/wKgKk1tj8nvAlg4RAAIDCyWKgkU717.jpg",
				"thumbnailUrl": "http://fdfs.xmcdn.com/group47/M08/3F/E0/wKgKk1tj8nvAlg4RAAIDCyWKgkU717_mobile_small.jpg"
			}],
			"recSrc": "hot-chaos",
			"recTrack": "FD.CHAOS.1230",
			"score": 1533620542403,
			"subType": "pic",
			"subscribed": false,
			"type": "chaos",
			"uid": 88290241
		}, {
			"avatar": "http://fdfs.xmcdn.com/group45/M01/A7/89/wKgKjlto4aagW-Z7AACc54SaDXI333_mobile_small.jpg",
			"commentsCount": 0,
			"content": "一直发布失败可怎么好，小马，你真的很卡[可怜][可怜][可怜]",
			"id": 18093797,
			"issuedTs": 1533511831000,
			"liked": false,
			"likesCount": 5,
			"nickname": "星一呀",
			"picUrls": [{
				"originUrl": "http://fdfs.xmcdn.com/group46/M01/80/12/wKgKj1tniJXi14RVABHBvLxYKnI195.jpg",
				"thumbnailUrl": "http://fdfs.xmcdn.com/group46/M01/80/12/wKgKj1tniJXi14RVABHBvLxYKnI195_mobile_small.jpg"
			}, {
				"originUrl": "http://fdfs.xmcdn.com/group46/M01/80/35/wKgKlltniJbAhKtdABG2ybY8rgs171.jpg",
				"thumbnailUrl": "http://fdfs.xmcdn.com/group46/M01/80/35/wKgKlltniJbAhKtdABG2ybY8rgs171_mobile_small.jpg"
			}],
			"recSrc": "hot-chaos",
			"recTrack": "FD.CHAOS.1230",
			"score": 1533620542402,
			"subType": "pic",
			"subscribed": false,
			"type": "chaos",
			"uid": 11186356
		}]
	},
	"ret": 0
}